source_file,raw_rows,kept_rows,dropped_rows,status
snapshot_sym0_date0_am.csv,1999,1900,99,成功
snapshot_sym0_date0_pm.csv,1999,1900,99,成功
snapshot_sym0_date10_am.csv,1999,1900,99,成功
snapshot_sym0_date10_pm.csv,1999,1900,99,成功
snapshot_sym0_date11_am.csv,1999,1900,99,成功
snapshot_sym0_date11_pm.csv,1999,1900,99,成功
snapshot_sym0_date12_am.csv,1999,1900,99,成功
snapshot_sym0_date12_pm.csv,1999,1900,99,成功
snapshot_sym0_date13_am.csv,1999,1900,99,成功
snapshot_sym0_date13_pm.csv,1999,1900,99,成功
snapshot_sym0_date14_am.csv,1999,1900,99,成功
snapshot_sym0_date14_pm.csv,1999,1900,99,成功
snapshot_sym0_date15_am.csv,1999,1900,99,成功
snapshot_sym0_date15_pm.csv,1999,1900,99,成功
snapshot_sym0_date16_am.csv,1999,1900,99,成功
snapshot_sym0_date16_pm.csv,1999,1900,99,成功
snapshot_sym0_date17_am.csv,1999,1900,99,成功
snapshot_sym0_date17_pm.csv,1999,1900,99,成功
snapshot_sym0_date18_am.csv,1999,1900,99,成功
snapshot_sym0_date18_pm.csv,1999,1900,99,成功
snapshot_sym0_date19_am.csv,1999,1900,99,成功
snapshot_sym0_date19_pm.csv,1999,1900,99,成功
snapshot_sym0_date1_am.csv,1999,1900,99,成功
snapshot_sym0_date1_pm.csv,1999,1900,99,成功
snapshot_sym0_date20_am.csv,1999,1900,99,成功
snapshot_sym0_date20_pm.csv,1999,1900,99,成功
snapshot_sym0_date21_am.csv,1999,1900,99,成功
snapshot_sym0_date21_pm.csv,1999,1900,99,成功
snapshot_sym0_date22_am.csv,1999,1900,99,成功
snapshot_sym0_date22_pm.csv,1999,1900,99,成功
snapshot_sym0_date23_am.csv,1999,1900,99,成功
snapshot_sym0_date23_pm.csv,1999,1900,99,成功
snapshot_sym0_date24_am.csv,1999,1900,99,成功
snapshot_sym0_date24_pm.csv,1999,1900,99,成功
snapshot_sym0_date25_am.csv,1999,1900,99,成功
snapshot_sym0_date25_pm.csv,1999,1900,99,成功
snapshot_sym0_date26_am.csv,1999,1900,99,成功
snapshot_sym0_date26_pm.csv,1999,1900,99,成功
snapshot_sym0_date27_am.csv,1999,1900,99,成功
snapshot_sym0_date27_pm.csv,1999,1900,99,成功
snapshot_sym0_date28_am.csv,1999,1900,99,成功
snapshot_sym0_date28_pm.csv,1999,1900,99,成功
snapshot_sym0_date29_am.csv,1999,1900,99,成功
snapshot_sym0_date29_pm.csv,1999,1900,99,成功
snapshot_sym0_date2_am.csv,1999,1900,99,成功
snapshot_sym0_date2_pm.csv,1999,1900,99,成功
snapshot_sym0_date30_am.csv,1999,1900,99,成功
snapshot_sym0_date30_pm.csv,1999,1900,99,成功
snapshot_sym0_date31_am.csv,1999,1900,99,成功
snapshot_sym0_date31_pm.csv,1999,1900,99,成功
snapshot_sym0_date32_am.csv,1999,1900,99,成功
snapshot_sym0_date32_pm.csv,1999,1900,99,成功
snapshot_sym0_date33_am.csv,1999,1900,99,成功
snapshot_sym0_date33_pm.csv,1999,1900,99,成功
snapshot_sym0_date34_am.csv,1999,1900,99,成功
snapshot_sym0_date34_pm.csv,1999,1900,99,成功
snapshot_sym0_date35_am.csv,1999,1900,99,成功
snapshot_sym0_date35_pm.csv,1999,1900,99,成功
snapshot_sym0_date36_am.csv,1999,1900,99,成功
snapshot_sym0_date36_pm.csv,1999,1900,99,成功
snapshot_sym0_date37_am.csv,1999,1900,99,成功
snapshot_sym0_date37_pm.csv,1999,1900,99,成功
snapshot_sym0_date38_am.csv,1999,1900,99,成功
snapshot_sym0_date38_pm.csv,1999,1900,99,成功
snapshot_sym0_date39_am.csv,1999,1900,99,成功
snapshot_sym0_date39_pm.csv,1999,1900,99,成功
snapshot_sym0_date3_am.csv,1999,1900,99,成功
snapshot_sym0_date3_pm.csv,1999,1900,99,成功
snapshot_sym0_date40_am.csv,1999,1900,99,成功
snapshot_sym0_date40_pm.csv,1999,1900,99,成功
snapshot_sym0_date41_am.csv,1999,1900,99,成功
snapshot_sym0_date41_pm.csv,1999,1900,99,成功
snapshot_sym0_date42_pm.csv,1999,1900,99,成功
snapshot_sym0_date43_am.csv,1999,1900,99,成功
snapshot_sym0_date43_pm.csv,1999,1900,99,成功
snapshot_sym0_date44_pm.csv,1999,1900,99,成功
snapshot_sym0_date45_am.csv,1999,1900,99,成功
snapshot_sym0_date45_pm.csv,1999,1900,99,成功
snapshot_sym0_date46_am.csv,1999,1900,99,成功
snapshot_sym0_date46_pm.csv,1999,1900,99,成功
snapshot_sym0_date47_am.csv,1999,1900,99,成功
snapshot_sym0_date47_pm.csv,1999,1900,99,成功
snapshot_sym0_date48_am.csv,1999,1900,99,成功
snapshot_sym0_date48_pm.csv,1999,1900,99,成功
snapshot_sym0_date49_am.csv,1999,1900,99,成功
snapshot_sym0_date49_pm.csv,1999,1900,99,成功
snapshot_sym0_date4_am.csv,1999,1900,99,成功
snapshot_sym0_date4_pm.csv,1999,1900,99,成功
snapshot_sym0_date50_am.csv,1999,1900,99,成功
snapshot_sym0_date50_pm.csv,1999,1900,99,成功
snapshot_sym0_date51_am.csv,1999,1900,99,成功
snapshot_sym0_date51_pm.csv,1999,1900,99,成功
snapshot_sym0_date52_am.csv,1999,1900,99,成功
snapshot_sym0_date52_pm.csv,1999,1900,99,成功
snapshot_sym0_date53_am.csv,1999,1900,99,成功
snapshot_sym0_date53_pm.csv,1999,1900,99,成功
snapshot_sym0_date54_am.csv,1999,1900,99,成功
snapshot_sym0_date54_pm.csv,1999,1900,99,成功
snapshot_sym0_date55_am.csv,1999,1900,99,成功
snapshot_sym0_date55_pm.csv,1999,1900,99,成功
snapshot_sym0_date56_am.csv,1999,1900,99,成功
snapshot_sym0_date56_pm.csv,1999,1900,99,成功
snapshot_sym0_date57_am.csv,1999,1900,99,成功
snapshot_sym0_date57_pm.csv,1999,1900,99,成功
snapshot_sym0_date5_am.csv,1999,1900,99,成功
snapshot_sym0_date5_pm.csv,1999,1900,99,成功
snapshot_sym0_date63_am.csv,1999,1900,99,成功
snapshot_sym0_date63_pm.csv,1999,1900,99,成功
snapshot_sym0_date64_am.csv,1999,1900,99,成功
snapshot_sym0_date64_pm.csv,1999,1900,99,成功
snapshot_sym0_date65_am.csv,1999,1900,99,成功
snapshot_sym0_date65_pm.csv,1999,1900,99,成功
snapshot_sym0_date66_am.csv,1999,1900,99,成功
snapshot_sym0_date66_pm.csv,1999,1900,99,成功
snapshot_sym0_date67_am.csv,1999,1900,99,成功
snapshot_sym0_date67_pm.csv,1999,1900,99,成功
snapshot_sym0_date68_am.csv,1999,1900,99,成功
snapshot_sym0_date68_pm.csv,1999,1900,99,成功
snapshot_sym0_date69_am.csv,1999,1900,99,成功
snapshot_sym0_date69_pm.csv,1999,1900,99,成功
snapshot_sym0_date6_am.csv,1999,1900,99,成功
snapshot_sym0_date6_pm.csv,1999,1900,99,成功
snapshot_sym0_date70_am.csv,1999,1900,99,成功
snapshot_sym0_date70_pm.csv,1999,1900,99,成功
snapshot_sym0_date71_am.csv,1999,1900,99,成功
snapshot_sym0_date71_pm.csv,1999,1900,99,成功
snapshot_sym0_date72_am.csv,1999,1900,99,成功
snapshot_sym0_date72_pm.csv,1999,1900,99,成功
snapshot_sym0_date73_am.csv,1999,1900,99,成功
snapshot_sym0_date73_pm.csv,1999,1900,99,成功
snapshot_sym0_date74_am.csv,1999,1900,99,成功
snapshot_sym0_date74_pm.csv,1999,1900,99,成功
snapshot_sym0_date75_am.csv,1999,1900,99,成功
snapshot_sym0_date75_pm.csv,1999,1900,99,成功
snapshot_sym0_date76_am.csv,1999,1900,99,成功
snapshot_sym0_date76_pm.csv,1999,1900,99,成功
snapshot_sym0_date77_am.csv,1999,1900,99,成功
snapshot_sym0_date77_pm.csv,1999,1900,99,成功
snapshot_sym0_date78_am.csv,1999,1900,99,成功
snapshot_sym0_date78_pm.csv,1999,1900,99,成功
snapshot_sym0_date7_am.csv,1999,1900,99,成功
snapshot_sym0_date7_pm.csv,1999,1900,99,成功
snapshot_sym0_date8_am.csv,1999,1900,99,成功
snapshot_sym0_date8_pm.csv,1999,1900,99,成功
snapshot_sym0_date9_am.csv,1999,1900,99,成功
snapshot_sym0_date9_pm.csv,1999,1900,99,成功
snapshot_sym1_date0_am.csv,1999,1900,99,成功
snapshot_sym1_date0_pm.csv,1999,1900,99,成功
snapshot_sym1_date10_am.csv,1999,1900,99,成功
snapshot_sym1_date10_pm.csv,1999,1900,99,成功
snapshot_sym1_date11_am.csv,1999,1900,99,成功
snapshot_sym1_date11_pm.csv,1999,1900,99,成功
snapshot_sym1_date12_am.csv,1999,1900,99,成功
snapshot_sym1_date12_pm.csv,1999,1900,99,成功
snapshot_sym1_date13_am.csv,1999,1900,99,成功
snapshot_sym1_date13_pm.csv,1999,1900,99,成功
snapshot_sym1_date14_am.csv,1999,1900,99,成功
snapshot_sym1_date14_pm.csv,1999,1900,99,成功
snapshot_sym1_date15_am.csv,1999,1900,99,成功
snapshot_sym1_date15_pm.csv,1999,1900,99,成功
snapshot_sym1_date16_am.csv,1999,1900,99,成功
snapshot_sym1_date16_pm.csv,1999,1900,99,成功
snapshot_sym1_date17_am.csv,1999,1900,99,成功
snapshot_sym1_date17_pm.csv,1999,1900,99,成功
snapshot_sym1_date18_am.csv,1999,1900,99,成功
snapshot_sym1_date18_pm.csv,1999,1900,99,成功
snapshot_sym1_date19_am.csv,1999,1900,99,成功
snapshot_sym1_date19_pm.csv,1999,1900,99,成功
snapshot_sym1_date1_am.csv,1999,1900,99,成功
snapshot_sym1_date1_pm.csv,1999,1900,99,成功
snapshot_sym1_date20_am.csv,1999,1900,99,成功
snapshot_sym1_date20_pm.csv,1999,1900,99,成功
snapshot_sym1_date21_am.csv,1999,1900,99,成功
snapshot_sym1_date21_pm.csv,1999,1900,99,成功
snapshot_sym1_date22_am.csv,1999,1900,99,成功
snapshot_sym1_date22_pm.csv,1999,1900,99,成功
snapshot_sym1_date23_am.csv,1999,1900,99,成功
snapshot_sym1_date23_pm.csv,1999,1900,99,成功
snapshot_sym1_date24_am.csv,1999,1900,99,成功
snapshot_sym1_date24_pm.csv,1999,1900,99,成功
snapshot_sym1_date25_am.csv,1999,1900,99,成功
snapshot_sym1_date25_pm.csv,1999,1900,99,成功
snapshot_sym1_date26_am.csv,1999,1900,99,成功
snapshot_sym1_date26_pm.csv,1999,1900,99,成功
snapshot_sym1_date27_am.csv,1999,1900,99,成功
snapshot_sym1_date27_pm.csv,1999,1900,99,成功
snapshot_sym1_date28_am.csv,1999,1900,99,成功
snapshot_sym1_date28_pm.csv,1999,1900,99,成功
snapshot_sym1_date29_am.csv,1999,1900,99,成功
snapshot_sym1_date29_pm.csv,1999,1900,99,成功
snapshot_sym1_date2_am.csv,1999,1900,99,成功
snapshot_sym1_date2_pm.csv,1999,1900,99,成功
snapshot_sym1_date30_am.csv,1999,1900,99,成功
snapshot_sym1_date30_pm.csv,1999,1900,99,成功
snapshot_sym1_date31_am.csv,1999,1900,99,成功
snapshot_sym1_date31_pm.csv,1999,1900,99,成功
snapshot_sym1_date32_am.csv,1999,1900,99,成功
snapshot_sym1_date32_pm.csv,1999,1900,99,成功
snapshot_sym1_date33_am.csv,1999,1900,99,成功
snapshot_sym1_date33_pm.csv,1999,1900,99,成功
snapshot_sym1_date34_am.csv,1999,1900,99,成功
snapshot_sym1_date34_pm.csv,1999,1900,99,成功
snapshot_sym1_date35_am.csv,1999,1900,99,成功
snapshot_sym1_date35_pm.csv,1999,1900,99,成功
snapshot_sym1_date36_am.csv,1999,1900,99,成功
snapshot_sym1_date36_pm.csv,1999,1900,99,成功
snapshot_sym1_date37_am.csv,1999,1900,99,成功
snapshot_sym1_date37_pm.csv,1999,1900,99,成功
snapshot_sym1_date38_am.csv,1999,1900,99,成功
snapshot_sym1_date38_pm.csv,1999,1900,99,成功
snapshot_sym1_date39_am.csv,1999,1900,99,成功
snapshot_sym1_date39_pm.csv,1999,1900,99,成功
snapshot_sym1_date3_am.csv,1999,1900,99,成功
snapshot_sym1_date3_pm.csv,1999,1900,99,成功
snapshot_sym1_date40_am.csv,1999,1900,99,成功
snapshot_sym1_date40_pm.csv,1999,1900,99,成功
snapshot_sym1_date41_am.csv,1999,1900,99,成功
snapshot_sym1_date41_pm.csv,1999,1900,99,成功
snapshot_sym1_date42_pm.csv,1999,1900,99,成功
snapshot_sym1_date43_am.csv,1999,1900,99,成功
snapshot_sym1_date43_pm.csv,1999,1900,99,成功
snapshot_sym1_date44_pm.csv,1999,1900,99,成功
snapshot_sym1_date45_am.csv,1999,1900,99,成功
snapshot_sym1_date45_pm.csv,1999,1900,99,成功
snapshot_sym1_date46_am.csv,1999,1900,99,成功
snapshot_sym1_date46_pm.csv,1999,1900,99,成功
snapshot_sym1_date47_am.csv,1999,1900,99,成功
snapshot_sym1_date47_pm.csv,1999,1900,99,成功
snapshot_sym1_date48_am.csv,1999,1900,99,成功
snapshot_sym1_date48_pm.csv,1999,1900,99,成功
snapshot_sym1_date49_am.csv,1999,1900,99,成功
snapshot_sym1_date49_pm.csv,1999,1900,99,成功
snapshot_sym1_date4_am.csv,1999,1900,99,成功
snapshot_sym1_date4_pm.csv,1999,1900,99,成功
snapshot_sym1_date50_am.csv,1999,1900,99,成功
snapshot_sym1_date50_pm.csv,1999,1900,99,成功
snapshot_sym1_date51_am.csv,1999,1900,99,成功
snapshot_sym1_date51_pm.csv,1999,1900,99,成功
snapshot_sym1_date52_am.csv,1999,1900,99,成功
snapshot_sym1_date52_pm.csv,1999,1900,99,成功
snapshot_sym1_date53_am.csv,1999,1900,99,成功
snapshot_sym1_date53_pm.csv,1999,1900,99,成功
snapshot_sym1_date54_am.csv,1999,1900,99,成功
snapshot_sym1_date54_pm.csv,1999,1900,99,成功
snapshot_sym1_date55_am.csv,1999,1900,99,成功
snapshot_sym1_date55_pm.csv,1999,1900,99,成功
snapshot_sym1_date56_am.csv,1999,1900,99,成功
snapshot_sym1_date56_pm.csv,1999,1900,99,成功
snapshot_sym1_date57_am.csv,1999,1900,99,成功
snapshot_sym1_date57_pm.csv,1999,1900,99,成功
snapshot_sym1_date58_am.csv,1999,1900,99,成功
snapshot_sym1_date58_pm.csv,1999,1900,99,成功
snapshot_sym1_date59_am.csv,1999,1900,99,成功
snapshot_sym1_date59_pm.csv,1999,1900,99,成功
snapshot_sym1_date5_am.csv,1999,1900,99,成功
snapshot_sym1_date5_pm.csv,1999,1900,99,成功
snapshot_sym1_date60_am.csv,1999,1900,99,成功
snapshot_sym1_date60_pm.csv,1999,1900,99,成功
snapshot_sym1_date61_am.csv,1999,1900,99,成功
snapshot_sym1_date61_pm.csv,1999,1900,99,成功
snapshot_sym1_date62_am.csv,1999,1900,99,成功
snapshot_sym1_date62_pm.csv,1999,1900,99,成功
snapshot_sym1_date63_am.csv,1999,1900,99,成功
snapshot_sym1_date63_pm.csv,1999,1900,99,成功
snapshot_sym1_date64_am.csv,1999,1900,99,成功
snapshot_sym1_date64_pm.csv,1999,1900,99,成功
snapshot_sym1_date65_am.csv,1999,1900,99,成功
snapshot_sym1_date65_pm.csv,1999,1900,99,成功
snapshot_sym1_date66_am.csv,1999,1900,99,成功
snapshot_sym1_date66_pm.csv,1999,1900,99,成功
snapshot_sym1_date67_am.csv,1999,1900,99,成功
snapshot_sym1_date67_pm.csv,1999,1900,99,成功
snapshot_sym1_date68_am.csv,1999,1900,99,成功
snapshot_sym1_date68_pm.csv,1999,1900,99,成功
snapshot_sym1_date69_am.csv,1999,1900,99,成功
snapshot_sym1_date69_pm.csv,1999,1900,99,成功
snapshot_sym1_date6_am.csv,1999,1900,99,成功
snapshot_sym1_date6_pm.csv,1999,1900,99,成功
snapshot_sym1_date70_am.csv,1999,1900,99,成功
snapshot_sym1_date70_pm.csv,1999,1900,99,成功
snapshot_sym1_date71_am.csv,1999,1900,99,成功
snapshot_sym1_date71_pm.csv,1999,1900,99,成功
snapshot_sym1_date72_am.csv,1999,1900,99,成功
snapshot_sym1_date72_pm.csv,1999,1900,99,成功
snapshot_sym1_date73_am.csv,1999,1900,99,成功
snapshot_sym1_date73_pm.csv,1999,1900,99,成功
snapshot_sym1_date74_am.csv,1999,1900,99,成功
snapshot_sym1_date74_pm.csv,1999,1900,99,成功
snapshot_sym1_date75_am.csv,1999,1900,99,成功
snapshot_sym1_date75_pm.csv,1999,1900,99,成功
snapshot_sym1_date76_am.csv,1999,1900,99,成功
snapshot_sym1_date76_pm.csv,1999,1900,99,成功
snapshot_sym1_date77_am.csv,1999,1900,99,成功
snapshot_sym1_date77_pm.csv,1999,1900,99,成功
snapshot_sym1_date78_am.csv,1999,1900,99,成功
snapshot_sym1_date78_pm.csv,1999,1900,99,成功
snapshot_sym1_date7_am.csv,1999,1900,99,成功
snapshot_sym1_date7_pm.csv,1999,1900,99,成功
snapshot_sym1_date8_am.csv,1999,1900,99,成功
snapshot_sym1_date8_pm.csv,1999,1900,99,成功
snapshot_sym1_date9_am.csv,1999,1900,99,成功
snapshot_sym1_date9_pm.csv,1999,1900,99,成功
snapshot_sym2_date0_am.csv,1999,1900,99,成功
snapshot_sym2_date0_pm.csv,1999,1900,99,成功
snapshot_sym2_date10_am.csv,1999,1900,99,成功
snapshot_sym2_date10_pm.csv,1999,1900,99,成功
snapshot_sym2_date11_am.csv,1999,1900,99,成功
snapshot_sym2_date11_pm.csv,1999,1900,99,成功
snapshot_sym2_date12_am.csv,1999,1900,99,成功
snapshot_sym2_date12_pm.csv,1999,1900,99,成功
snapshot_sym2_date13_am.csv,1999,1900,99,成功
snapshot_sym2_date13_pm.csv,1999,1900,99,成功
snapshot_sym2_date14_am.csv,1999,1900,99,成功
snapshot_sym2_date14_pm.csv,1999,1900,99,成功
snapshot_sym2_date15_am.csv,1999,1900,99,成功
snapshot_sym2_date15_pm.csv,1999,1900,99,成功
snapshot_sym2_date16_am.csv,1999,1900,99,成功
snapshot_sym2_date16_pm.csv,1999,1900,99,成功
snapshot_sym2_date17_am.csv,1999,1900,99,成功
snapshot_sym2_date17_pm.csv,1999,1900,99,成功
snapshot_sym2_date18_am.csv,1999,1900,99,成功
snapshot_sym2_date18_pm.csv,1999,1900,99,成功
snapshot_sym2_date19_am.csv,1999,1900,99,成功
snapshot_sym2_date19_pm.csv,1999,1900,99,成功
snapshot_sym2_date1_am.csv,1999,1900,99,成功
snapshot_sym2_date1_pm.csv,1999,1900,99,成功
snapshot_sym2_date20_am.csv,1999,1900,99,成功
snapshot_sym2_date20_pm.csv,1999,1900,99,成功
snapshot_sym2_date21_am.csv,1999,1900,99,成功
snapshot_sym2_date21_pm.csv,1999,1900,99,成功
snapshot_sym2_date22_am.csv,1999,1900,99,成功
snapshot_sym2_date22_pm.csv,1999,1900,99,成功
snapshot_sym2_date23_am.csv,1999,1900,99,成功
snapshot_sym2_date23_pm.csv,1999,1900,99,成功
snapshot_sym2_date24_am.csv,1999,1900,99,成功
snapshot_sym2_date24_pm.csv,1999,1900,99,成功
snapshot_sym2_date25_am.csv,1999,1900,99,成功
snapshot_sym2_date25_pm.csv,1999,1900,99,成功
snapshot_sym2_date26_am.csv,1999,1900,99,成功
snapshot_sym2_date26_pm.csv,1999,1900,99,成功
snapshot_sym2_date27_am.csv,1999,1900,99,成功
snapshot_sym2_date27_pm.csv,1999,1900,99,成功
snapshot_sym2_date28_am.csv,1999,1900,99,成功
snapshot_sym2_date28_pm.csv,1999,1900,99,成功
snapshot_sym2_date29_am.csv,1999,1900,99,成功
snapshot_sym2_date29_pm.csv,1999,1900,99,成功
snapshot_sym2_date2_am.csv,1999,1900,99,成功
snapshot_sym2_date2_pm.csv,1999,1900,99,成功
snapshot_sym2_date30_am.csv,1999,1900,99,成功
snapshot_sym2_date30_pm.csv,1999,1900,99,成功
snapshot_sym2_date31_am.csv,1999,1900,99,成功
snapshot_sym2_date31_pm.csv,1999,1900,99,成功
snapshot_sym2_date32_am.csv,1999,1900,99,成功
snapshot_sym2_date32_pm.csv,1999,1900,99,成功
snapshot_sym2_date33_am.csv,1999,1900,99,成功
snapshot_sym2_date33_pm.csv,1999,1900,99,成功
snapshot_sym2_date34_am.csv,1999,1900,99,成功
snapshot_sym2_date34_pm.csv,1999,1900,99,成功
snapshot_sym2_date35_am.csv,1999,1900,99,成功
snapshot_sym2_date35_pm.csv,1999,1900,99,成功
snapshot_sym2_date36_am.csv,1999,1900,99,成功
snapshot_sym2_date36_pm.csv,1999,1900,99,成功
snapshot_sym2_date37_am.csv,1999,1900,99,成功
snapshot_sym2_date37_pm.csv,1999,1900,99,成功
snapshot_sym2_date38_am.csv,1999,1900,99,成功
snapshot_sym2_date38_pm.csv,1999,1900,99,成功
snapshot_sym2_date39_am.csv,1999,1900,99,成功
snapshot_sym2_date39_pm.csv,1999,1900,99,成功
snapshot_sym2_date3_am.csv,1999,1900,99,成功
snapshot_sym2_date3_pm.csv,1999,1900,99,成功
snapshot_sym2_date40_am.csv,1999,1900,99,成功
snapshot_sym2_date40_pm.csv,1999,1900,99,成功
snapshot_sym2_date41_am.csv,1999,1900,99,成功
snapshot_sym2_date41_pm.csv,1999,1900,99,成功
snapshot_sym2_date42_pm.csv,1999,1900,99,成功
snapshot_sym2_date43_am.csv,1999,1900,99,成功
snapshot_sym2_date43_pm.csv,1999,1900,99,成功
snapshot_sym2_date44_pm.csv,1999,1900,99,成功
snapshot_sym2_date45_am.csv,1999,1900,99,成功
snapshot_sym2_date45_pm.csv,1999,1900,99,成功
snapshot_sym2_date46_am.csv,1999,1900,99,成功
snapshot_sym2_date46_pm.csv,1999,1900,99,成功
snapshot_sym2_date47_am.csv,1999,1900,99,成功
snapshot_sym2_date47_pm.csv,1999,1900,99,成功
snapshot_sym2_date48_am.csv,1999,1900,99,成功
snapshot_sym2_date48_pm.csv,1999,1900,99,成功
snapshot_sym2_date49_am.csv,1999,1900,99,成功
snapshot_sym2_date49_pm.csv,1999,1900,99,成功
snapshot_sym2_date4_am.csv,1999,1900,99,成功
snapshot_sym2_date4_pm.csv,1999,1900,99,成功
snapshot_sym2_date50_am.csv,1999,1900,99,成功
snapshot_sym2_date50_pm.csv,1999,1900,99,成功
snapshot_sym2_date51_am.csv,1999,1900,99,成功
snapshot_sym2_date51_pm.csv,1999,1900,99,成功
snapshot_sym2_date52_am.csv,1999,1900,99,成功
snapshot_sym2_date52_pm.csv,1999,1900,99,成功
snapshot_sym2_date53_am.csv,1999,1900,99,成功
snapshot_sym2_date53_pm.csv,1999,1900,99,成功
snapshot_sym2_date54_am.csv,1999,1900,99,成功
snapshot_sym2_date54_pm.csv,1999,1900,99,成功
snapshot_sym2_date55_am.csv,1999,1900,99,成功
snapshot_sym2_date55_pm.csv,1999,1900,99,成功
snapshot_sym2_date56_am.csv,1999,1900,99,成功
snapshot_sym2_date56_pm.csv,1999,1900,99,成功
snapshot_sym2_date57_am.csv,1999,1900,99,成功
snapshot_sym2_date57_pm.csv,1999,1900,99,成功
snapshot_sym2_date58_am.csv,1999,1900,99,成功
snapshot_sym2_date58_pm.csv,1999,1900,99,成功
snapshot_sym2_date59_am.csv,1999,1900,99,成功
snapshot_sym2_date59_pm.csv,1999,1900,99,成功
snapshot_sym2_date5_am.csv,1999,1900,99,成功
snapshot_sym2_date5_pm.csv,1999,1900,99,成功
snapshot_sym2_date60_am.csv,1999,1900,99,成功
snapshot_sym2_date60_pm.csv,1999,1900,99,成功
snapshot_sym2_date61_am.csv,1999,1900,99,成功
snapshot_sym2_date61_pm.csv,1999,1900,99,成功
snapshot_sym2_date62_am.csv,1999,1900,99,成功
snapshot_sym2_date62_pm.csv,1999,1900,99,成功
snapshot_sym2_date63_am.csv,1999,1900,99,成功
snapshot_sym2_date63_pm.csv,1999,1900,99,成功
snapshot_sym2_date64_am.csv,1999,1900,99,成功
snapshot_sym2_date64_pm.csv,1999,1900,99,成功
snapshot_sym2_date65_am.csv,1999,1900,99,成功
snapshot_sym2_date65_pm.csv,1999,1900,99,成功
snapshot_sym2_date66_am.csv,1999,1900,99,成功
snapshot_sym2_date66_pm.csv,1999,1900,99,成功
snapshot_sym2_date67_am.csv,1999,1900,99,成功
snapshot_sym2_date67_pm.csv,1999,1900,99,成功
snapshot_sym2_date68_am.csv,1999,1900,99,成功
snapshot_sym2_date68_pm.csv,1999,1900,99,成功
snapshot_sym2_date69_am.csv,1999,1900,99,成功
snapshot_sym2_date69_pm.csv,1999,1900,99,成功
snapshot_sym2_date6_am.csv,1999,1900,99,成功
snapshot_sym2_date6_pm.csv,1999,1900,99,成功
snapshot_sym2_date70_am.csv,1999,1900,99,成功
snapshot_sym2_date70_pm.csv,1999,1900,99,成功
snapshot_sym2_date71_am.csv,1999,1900,99,成功
snapshot_sym2_date71_pm.csv,1999,1900,99,成功
snapshot_sym2_date72_am.csv,1999,1900,99,成功
snapshot_sym2_date72_pm.csv,1999,1900,99,成功
snapshot_sym2_date73_am.csv,1999,1900,99,成功
snapshot_sym2_date73_pm.csv,1999,1900,99,成功
snapshot_sym2_date74_am.csv,1999,1900,99,成功
snapshot_sym2_date74_pm.csv,1999,1900,99,成功
snapshot_sym2_date75_am.csv,1999,1900,99,成功
snapshot_sym2_date75_pm.csv,1999,1900,99,成功
snapshot_sym2_date76_am.csv,1999,1900,99,成功
snapshot_sym2_date76_pm.csv,1999,1900,99,成功
snapshot_sym2_date77_am.csv,1999,1900,99,成功
snapshot_sym2_date77_pm.csv,1999,1900,99,成功
snapshot_sym2_date78_am.csv,1999,1900,99,成功
snapshot_sym2_date78_pm.csv,1999,1900,99,成功
snapshot_sym2_date7_am.csv,1999,1900,99,成功
snapshot_sym2_date7_pm.csv,1999,1900,99,成功
snapshot_sym2_date8_am.csv,1999,1900,99,成功
snapshot_sym2_date8_pm.csv,1999,1900,99,成功
snapshot_sym2_date9_am.csv,1999,1900,99,成功
snapshot_sym2_date9_pm.csv,1999,1900,99,成功
snapshot_sym3_date0_am.csv,1999,1900,99,成功
snapshot_sym3_date0_pm.csv,1999,1900,99,成功
snapshot_sym3_date10_am.csv,1999,1900,99,成功
snapshot_sym3_date10_pm.csv,1999,1900,99,成功
snapshot_sym3_date11_am.csv,1999,1900,99,成功
snapshot_sym3_date11_pm.csv,1999,1900,99,成功
snapshot_sym3_date12_am.csv,1999,1900,99,成功
snapshot_sym3_date12_pm.csv,1999,1900,99,成功
snapshot_sym3_date13_am.csv,1999,1900,99,成功
snapshot_sym3_date13_pm.csv,1999,1900,99,成功
snapshot_sym3_date14_am.csv,1999,1900,99,成功
snapshot_sym3_date14_pm.csv,1999,1900,99,成功
snapshot_sym3_date15_am.csv,1999,1900,99,成功
snapshot_sym3_date15_pm.csv,1999,1900,99,成功
snapshot_sym3_date16_am.csv,1999,1900,99,成功
snapshot_sym3_date16_pm.csv,1999,1900,99,成功
snapshot_sym3_date17_am.csv,1999,1900,99,成功
snapshot_sym3_date17_pm.csv,1999,1900,99,成功
snapshot_sym3_date18_am.csv,1999,1900,99,成功
snapshot_sym3_date18_pm.csv,1999,1900,99,成功
snapshot_sym3_date19_am.csv,1999,1900,99,成功
snapshot_sym3_date19_pm.csv,1999,1900,99,成功
snapshot_sym3_date1_am.csv,1999,1900,99,成功
snapshot_sym3_date1_pm.csv,1999,1900,99,成功
snapshot_sym3_date20_am.csv,1999,1900,99,成功
snapshot_sym3_date20_pm.csv,1999,1900,99,成功
snapshot_sym3_date21_am.csv,1999,1900,99,成功
snapshot_sym3_date21_pm.csv,1999,1900,99,成功
snapshot_sym3_date22_am.csv,1999,1900,99,成功
snapshot_sym3_date22_pm.csv,1999,1900,99,成功
snapshot_sym3_date23_am.csv,1999,1900,99,成功
snapshot_sym3_date23_pm.csv,1999,1900,99,成功
snapshot_sym3_date24_am.csv,1999,1900,99,成功
snapshot_sym3_date24_pm.csv,1999,1900,99,成功
snapshot_sym3_date25_am.csv,1999,1900,99,成功
snapshot_sym3_date25_pm.csv,1999,1900,99,成功
snapshot_sym3_date26_am.csv,1999,1900,99,成功
snapshot_sym3_date26_pm.csv,1999,1900,99,成功
snapshot_sym3_date27_am.csv,1999,1900,99,成功
snapshot_sym3_date27_pm.csv,1999,1900,99,成功
snapshot_sym3_date28_am.csv,1999,1900,99,成功
snapshot_sym3_date28_pm.csv,1999,1900,99,成功
snapshot_sym3_date29_am.csv,1999,1900,99,成功
snapshot_sym3_date29_pm.csv,1999,1900,99,成功
snapshot_sym3_date2_am.csv,1999,1900,99,成功
snapshot_sym3_date2_pm.csv,1999,1900,99,成功
snapshot_sym3_date30_am.csv,1999,1900,99,成功
snapshot_sym3_date30_pm.csv,1999,1900,99,成功
snapshot_sym3_date31_am.csv,1999,1900,99,成功
snapshot_sym3_date31_pm.csv,1999,1900,99,成功
snapshot_sym3_date32_am.csv,1999,1900,99,成功
snapshot_sym3_date32_pm.csv,1999,1900,99,成功
snapshot_sym3_date33_am.csv,1999,1900,99,成功
snapshot_sym3_date33_pm.csv,1999,1900,99,成功
snapshot_sym3_date34_am.csv,1999,1900,99,成功
snapshot_sym3_date34_pm.csv,1999,1900,99,成功
snapshot_sym3_date35_am.csv,1999,1900,99,成功
snapshot_sym3_date35_pm.csv,1999,1900,99,成功
snapshot_sym3_date36_am.csv,1999,1900,99,成功
snapshot_sym3_date36_pm.csv,1999,1900,99,成功
snapshot_sym3_date37_am.csv,1999,1900,99,成功
snapshot_sym3_date37_pm.csv,1999,1900,99,成功
snapshot_sym3_date38_am.csv,1999,1900,99,成功
snapshot_sym3_date38_pm.csv,1999,1900,99,成功
snapshot_sym3_date39_am.csv,1999,1900,99,成功
snapshot_sym3_date39_pm.csv,1999,1900,99,成功
snapshot_sym3_date3_am.csv,1999,1900,99,成功
snapshot_sym3_date3_pm.csv,1999,1900,99,成功
snapshot_sym3_date40_am.csv,1999,1900,99,成功
snapshot_sym3_date40_pm.csv,1999,1900,99,成功
snapshot_sym3_date41_am.csv,1999,1900,99,成功
snapshot_sym3_date41_pm.csv,1999,1900,99,成功
snapshot_sym3_date42_pm.csv,1999,1900,99,成功
snapshot_sym3_date43_am.csv,1999,1900,99,成功
snapshot_sym3_date43_pm.csv,1999,1900,99,成功
snapshot_sym3_date44_pm.csv,1999,1900,99,成功
snapshot_sym3_date45_am.csv,1999,1900,99,成功
snapshot_sym3_date45_pm.csv,1999,1900,99,成功
snapshot_sym3_date46_am.csv,1999,1900,99,成功
snapshot_sym3_date46_pm.csv,1999,1900,99,成功
snapshot_sym3_date47_am.csv,1999,1900,99,成功
snapshot_sym3_date47_pm.csv,1999,1900,99,成功
snapshot_sym3_date48_am.csv,1999,1900,99,成功
snapshot_sym3_date48_pm.csv,1999,1900,99,成功
snapshot_sym3_date49_am.csv,1999,1900,99,成功
snapshot_sym3_date49_pm.csv,1999,1900,99,成功
snapshot_sym3_date4_am.csv,1999,1900,99,成功
snapshot_sym3_date4_pm.csv,1999,1900,99,成功
snapshot_sym3_date50_am.csv,1999,1900,99,成功
snapshot_sym3_date50_pm.csv,1999,1900,99,成功
snapshot_sym3_date51_am.csv,1999,1900,99,成功
snapshot_sym3_date51_pm.csv,1999,1900,99,成功
snapshot_sym3_date52_am.csv,1999,1900,99,成功
snapshot_sym3_date52_pm.csv,1999,1900,99,成功
snapshot_sym3_date53_am.csv,1999,1900,99,成功
snapshot_sym3_date53_pm.csv,1999,1900,99,成功
snapshot_sym3_date54_am.csv,1999,1900,99,成功
snapshot_sym3_date54_pm.csv,1999,1900,99,成功
snapshot_sym3_date55_am.csv,1999,1900,99,成功
snapshot_sym3_date55_pm.csv,1999,1900,99,成功
snapshot_sym3_date56_am.csv,1999,1900,99,成功
snapshot_sym3_date56_pm.csv,1999,1900,99,成功
snapshot_sym3_date57_am.csv,1999,1900,99,成功
snapshot_sym3_date57_pm.csv,1999,1900,99,成功
snapshot_sym3_date58_am.csv,1999,1900,99,成功
snapshot_sym3_date58_pm.csv,1999,1900,99,成功
snapshot_sym3_date59_am.csv,1999,1900,99,成功
snapshot_sym3_date59_pm.csv,1999,1900,99,成功
snapshot_sym3_date5_am.csv,1999,1900,99,成功
snapshot_sym3_date5_pm.csv,1999,1900,99,成功
snapshot_sym3_date60_am.csv,1999,1900,99,成功
snapshot_sym3_date60_pm.csv,1999,1900,99,成功
snapshot_sym3_date61_am.csv,1999,1900,99,成功
snapshot_sym3_date61_pm.csv,1999,1900,99,成功
snapshot_sym3_date62_am.csv,1999,1900,99,成功
snapshot_sym3_date62_pm.csv,1999,1900,99,成功
snapshot_sym3_date63_am.csv,1999,1900,99,成功
snapshot_sym3_date63_pm.csv,1999,1900,99,成功
snapshot_sym3_date64_am.csv,1999,1900,99,成功
snapshot_sym3_date64_pm.csv,1999,1900,99,成功
snapshot_sym3_date65_am.csv,1999,1900,99,成功
snapshot_sym3_date65_pm.csv,1999,1900,99,成功
snapshot_sym3_date66_am.csv,1999,1900,99,成功
snapshot_sym3_date66_pm.csv,1999,1900,99,成功
snapshot_sym3_date67_am.csv,1999,1900,99,成功
snapshot_sym3_date67_pm.csv,1999,1900,99,成功
snapshot_sym3_date68_am.csv,1999,1900,99,成功
snapshot_sym3_date68_pm.csv,1999,1900,99,成功
snapshot_sym3_date69_am.csv,1999,1900,99,成功
snapshot_sym3_date69_pm.csv,1999,1900,99,成功
snapshot_sym3_date6_am.csv,1999,1900,99,成功
snapshot_sym3_date6_pm.csv,1999,1900,99,成功
snapshot_sym3_date70_am.csv,1999,1900,99,成功
snapshot_sym3_date70_pm.csv,1999,1900,99,成功
snapshot_sym3_date71_am.csv,1999,1900,99,成功
snapshot_sym3_date71_pm.csv,1999,1900,99,成功
snapshot_sym3_date72_am.csv,1999,1900,99,成功
snapshot_sym3_date72_pm.csv,1999,1900,99,成功
snapshot_sym3_date73_am.csv,1999,1900,99,成功
snapshot_sym3_date73_pm.csv,1999,1900,99,成功
snapshot_sym3_date74_am.csv,1999,1900,99,成功
snapshot_sym3_date74_pm.csv,1999,1900,99,成功
snapshot_sym3_date75_am.csv,1999,1900,99,成功
snapshot_sym3_date75_pm.csv,1999,1900,99,成功
snapshot_sym3_date76_am.csv,1999,1900,99,成功
snapshot_sym3_date76_pm.csv,1999,1900,99,成功
snapshot_sym3_date77_am.csv,1999,1900,99,成功
snapshot_sym3_date77_pm.csv,1999,1900,99,成功
snapshot_sym3_date78_am.csv,1999,1900,99,成功
snapshot_sym3_date78_pm.csv,1999,1900,99,成功
snapshot_sym3_date7_am.csv,1999,1900,99,成功
snapshot_sym3_date7_pm.csv,1999,1900,99,成功
snapshot_sym3_date8_am.csv,1999,1900,99,成功
snapshot_sym3_date8_pm.csv,1999,1900,99,成功
snapshot_sym3_date9_am.csv,1999,1900,99,成功
snapshot_sym3_date9_pm.csv,1999,1900,99,成功
snapshot_sym4_date0_am.csv,1999,1900,99,成功
snapshot_sym4_date0_pm.csv,1999,1900,99,成功
snapshot_sym4_date10_am.csv,1999,1900,99,成功
snapshot_sym4_date10_pm.csv,1999,1900,99,成功
snapshot_sym4_date11_am.csv,1999,1900,99,成功
snapshot_sym4_date11_pm.csv,1999,1900,99,成功
snapshot_sym4_date12_am.csv,1999,1900,99,成功
snapshot_sym4_date12_pm.csv,1999,1900,99,成功
snapshot_sym4_date13_am.csv,1999,1900,99,成功
snapshot_sym4_date13_pm.csv,1999,1900,99,成功
snapshot_sym4_date14_am.csv,1999,1900,99,成功
snapshot_sym4_date14_pm.csv,1999,1900,99,成功
snapshot_sym4_date15_am.csv,1999,1900,99,成功
snapshot_sym4_date15_pm.csv,1999,1900,99,成功
snapshot_sym4_date16_am.csv,1999,1900,99,成功
snapshot_sym4_date16_pm.csv,1999,1900,99,成功
snapshot_sym4_date17_am.csv,1999,1900,99,成功
snapshot_sym4_date17_pm.csv,1999,1900,99,成功
snapshot_sym4_date18_am.csv,1999,1900,99,成功
snapshot_sym4_date18_pm.csv,1999,1900,99,成功
snapshot_sym4_date19_am.csv,1999,1900,99,成功
snapshot_sym4_date19_pm.csv,1999,1900,99,成功
snapshot_sym4_date1_am.csv,1999,1900,99,成功
snapshot_sym4_date1_pm.csv,1999,1900,99,成功
snapshot_sym4_date20_am.csv,1999,1900,99,成功
snapshot_sym4_date20_pm.csv,1999,1900,99,成功
snapshot_sym4_date21_am.csv,1999,1900,99,成功
snapshot_sym4_date21_pm.csv,1999,1900,99,成功
snapshot_sym4_date22_am.csv,1999,1900,99,成功
snapshot_sym4_date22_pm.csv,1999,1900,99,成功
snapshot_sym4_date23_am.csv,1999,1900,99,成功
snapshot_sym4_date23_pm.csv,1999,1900,99,成功
snapshot_sym4_date24_am.csv,1999,1900,99,成功
snapshot_sym4_date24_pm.csv,1999,1900,99,成功
snapshot_sym4_date25_am.csv,1999,1900,99,成功
snapshot_sym4_date25_pm.csv,1999,1900,99,成功
snapshot_sym4_date26_am.csv,1999,1900,99,成功
snapshot_sym4_date26_pm.csv,1999,1900,99,成功
snapshot_sym4_date27_am.csv,1999,1900,99,成功
snapshot_sym4_date27_pm.csv,1999,1900,99,成功
snapshot_sym4_date28_am.csv,1999,1900,99,成功
snapshot_sym4_date28_pm.csv,1999,1900,99,成功
snapshot_sym4_date29_am.csv,1999,1900,99,成功
snapshot_sym4_date29_pm.csv,1999,1900,99,成功
snapshot_sym4_date2_am.csv,1999,1900,99,成功
snapshot_sym4_date2_pm.csv,1999,1900,99,成功
snapshot_sym4_date30_am.csv,1999,1900,99,成功
snapshot_sym4_date30_pm.csv,1999,1900,99,成功
snapshot_sym4_date31_am.csv,1999,1900,99,成功
snapshot_sym4_date31_pm.csv,1999,1900,99,成功
snapshot_sym4_date32_am.csv,1999,1900,99,成功
snapshot_sym4_date32_pm.csv,1999,1900,99,成功
snapshot_sym4_date33_am.csv,1999,1900,99,成功
snapshot_sym4_date33_pm.csv,1999,1900,99,成功
snapshot_sym4_date34_am.csv,1999,1900,99,成功
snapshot_sym4_date34_pm.csv,1999,1900,99,成功
snapshot_sym4_date35_am.csv,1999,1900,99,成功
snapshot_sym4_date35_pm.csv,1999,1900,99,成功
snapshot_sym4_date36_am.csv,1999,1900,99,成功
snapshot_sym4_date36_pm.csv,1999,1900,99,成功
snapshot_sym4_date37_am.csv,1999,1900,99,成功
snapshot_sym4_date37_pm.csv,1999,1900,99,成功
snapshot_sym4_date38_am.csv,1999,1900,99,成功
snapshot_sym4_date38_pm.csv,1999,1900,99,成功
snapshot_sym4_date39_am.csv,1999,1900,99,成功
snapshot_sym4_date39_pm.csv,1999,1900,99,成功
snapshot_sym4_date3_am.csv,1999,1900,99,成功
snapshot_sym4_date3_pm.csv,1999,1900,99,成功
snapshot_sym4_date40_am.csv,1999,1900,99,成功
snapshot_sym4_date40_pm.csv,1999,1900,99,成功
snapshot_sym4_date41_am.csv,1999,1900,99,成功
snapshot_sym4_date41_pm.csv,1999,1900,99,成功
snapshot_sym4_date42_pm.csv,1999,1900,99,成功
snapshot_sym4_date43_am.csv,1999,1900,99,成功
snapshot_sym4_date43_pm.csv,1999,1900,99,成功
snapshot_sym4_date44_pm.csv,1999,1900,99,成功
snapshot_sym4_date45_am.csv,1999,1900,99,成功
snapshot_sym4_date45_pm.csv,1999,1900,99,成功
snapshot_sym4_date46_am.csv,1999,1900,99,成功
snapshot_sym4_date46_pm.csv,1999,1900,99,成功
snapshot_sym4_date47_am.csv,1999,1900,99,成功
snapshot_sym4_date47_pm.csv,1999,1900,99,成功
snapshot_sym4_date48_am.csv,1999,1900,99,成功
snapshot_sym4_date48_pm.csv,1999,1900,99,成功
snapshot_sym4_date49_am.csv,1999,1900,99,成功
snapshot_sym4_date49_pm.csv,1999,1900,99,成功
snapshot_sym4_date4_am.csv,1999,1900,99,成功
snapshot_sym4_date4_pm.csv,1999,1900,99,成功
snapshot_sym4_date50_am.csv,1999,1900,99,成功
snapshot_sym4_date50_pm.csv,1999,1900,99,成功
snapshot_sym4_date51_am.csv,1999,1900,99,成功
snapshot_sym4_date51_pm.csv,1999,1900,99,成功
snapshot_sym4_date52_am.csv,1999,1900,99,成功
snapshot_sym4_date52_pm.csv,1999,1900,99,成功
snapshot_sym4_date53_am.csv,1999,1900,99,成功
snapshot_sym4_date53_pm.csv,1999,1900,99,成功
snapshot_sym4_date54_am.csv,1999,1900,99,成功
snapshot_sym4_date54_pm.csv,1999,1900,99,成功
snapshot_sym4_date55_am.csv,1999,1900,99,成功
snapshot_sym4_date55_pm.csv,1999,1900,99,成功
snapshot_sym4_date56_am.csv,1999,1900,99,成功
snapshot_sym4_date56_pm.csv,1999,1900,99,成功
snapshot_sym4_date57_am.csv,1999,1900,99,成功
snapshot_sym4_date57_pm.csv,1999,1900,99,成功
snapshot_sym4_date58_am.csv,1999,1900,99,成功
snapshot_sym4_date58_pm.csv,1999,1900,99,成功
snapshot_sym4_date59_am.csv,1999,1900,99,成功
snapshot_sym4_date59_pm.csv,1999,1900,99,成功
snapshot_sym4_date5_am.csv,1999,1900,99,成功
snapshot_sym4_date5_pm.csv,1999,1900,99,成功
snapshot_sym4_date60_am.csv,1999,1900,99,成功
snapshot_sym4_date60_pm.csv,1999,1900,99,成功
snapshot_sym4_date61_am.csv,1999,1900,99,成功
snapshot_sym4_date61_pm.csv,1999,1900,99,成功
snapshot_sym4_date62_am.csv,1999,1900,99,成功
snapshot_sym4_date62_pm.csv,1999,1900,99,成功
snapshot_sym4_date63_am.csv,1999,1900,99,成功
snapshot_sym4_date63_pm.csv,1999,1900,99,成功
snapshot_sym4_date64_am.csv,1999,1900,99,成功
snapshot_sym4_date64_pm.csv,1999,1900,99,成功
snapshot_sym4_date65_am.csv,1999,1900,99,成功
snapshot_sym4_date65_pm.csv,1999,1900,99,成功
snapshot_sym4_date66_am.csv,1999,1900,99,成功
snapshot_sym4_date66_pm.csv,1999,1900,99,成功
snapshot_sym4_date67_am.csv,1999,1900,99,成功
snapshot_sym4_date67_pm.csv,1999,1900,99,成功
snapshot_sym4_date68_am.csv,1999,1900,99,成功
snapshot_sym4_date68_pm.csv,1999,1900,99,成功
snapshot_sym4_date69_am.csv,1999,1900,99,成功
snapshot_sym4_date69_pm.csv,1999,1900,99,成功
snapshot_sym4_date6_am.csv,1999,1900,99,成功
snapshot_sym4_date6_pm.csv,1999,1900,99,成功
snapshot_sym4_date70_am.csv,1999,1900,99,成功
snapshot_sym4_date70_pm.csv,1999,1900,99,成功
snapshot_sym4_date71_am.csv,1999,1900,99,成功
snapshot_sym4_date71_pm.csv,1999,1900,99,成功
snapshot_sym4_date72_am.csv,1999,1900,99,成功
snapshot_sym4_date72_pm.csv,1999,1900,99,成功
snapshot_sym4_date73_am.csv,1999,1900,99,成功
snapshot_sym4_date73_pm.csv,1999,1900,99,成功
snapshot_sym4_date74_am.csv,1999,1900,99,成功
snapshot_sym4_date74_pm.csv,1999,1900,99,成功
snapshot_sym4_date75_am.csv,1999,1900,99,成功
snapshot_sym4_date75_pm.csv,1999,1900,99,成功
snapshot_sym4_date76_am.csv,1999,1900,99,成功
snapshot_sym4_date76_pm.csv,1999,1900,99,成功
snapshot_sym4_date77_am.csv,1999,1900,99,成功
snapshot_sym4_date77_pm.csv,1999,1900,99,成功
snapshot_sym4_date78_am.csv,1999,1900,99,成功
snapshot_sym4_date78_pm.csv,1999,1900,99,成功
snapshot_sym4_date7_am.csv,1999,1900,99,成功
snapshot_sym4_date7_pm.csv,1999,1900,99,成功
snapshot_sym4_date8_am.csv,1999,1900,99,成功
snapshot_sym4_date8_pm.csv,1999,1900,99,成功
snapshot_sym4_date9_am.csv,1999,1900,99,成功
snapshot_sym4_date9_pm.csv,1999,1900,99,成功
snapshot_sym5_date10_am.csv,1999,1900,99,成功
snapshot_sym5_date10_pm.csv,1999,1900,99,成功
snapshot_sym5_date11_am.csv,1999,1900,99,成功
snapshot_sym5_date11_pm.csv,1999,1900,99,成功
snapshot_sym5_date12_am.csv,1999,1900,99,成功
snapshot_sym5_date12_pm.csv,1999,1900,99,成功
snapshot_sym5_date16_am.csv,1999,1900,99,成功
snapshot_sym5_date16_pm.csv,1999,1900,99,成功
snapshot_sym5_date17_am.csv,1999,1900,99,成功
snapshot_sym5_date17_pm.csv,1999,1900,99,成功
snapshot_sym5_date18_am.csv,1999,1900,99,成功
snapshot_sym5_date18_pm.csv,1999,1900,99,成功
snapshot_sym5_date19_am.csv,1999,1900,99,成功
snapshot_sym5_date19_pm.csv,1999,1900,99,成功
snapshot_sym5_date20_am.csv,1999,1900,99,成功
snapshot_sym5_date20_pm.csv,1999,1900,99,成功
snapshot_sym5_date21_am.csv,1999,1900,99,成功
snapshot_sym5_date21_pm.csv,1999,1900,99,成功
snapshot_sym5_date22_am.csv,1999,1900,99,成功
snapshot_sym5_date22_pm.csv,1999,1900,99,成功
snapshot_sym5_date23_am.csv,1999,1900,99,成功
snapshot_sym5_date23_pm.csv,1999,1900,99,成功
snapshot_sym5_date24_am.csv,1999,1900,99,成功
snapshot_sym5_date24_pm.csv,1999,1900,99,成功
snapshot_sym5_date25_am.csv,1999,1900,99,成功
snapshot_sym5_date25_pm.csv,1999,1900,99,成功
snapshot_sym5_date26_am.csv,1999,1900,99,成功
snapshot_sym5_date26_pm.csv,1999,1900,99,成功
snapshot_sym5_date27_am.csv,1999,1900,99,成功
snapshot_sym5_date27_pm.csv,1999,1900,99,成功
snapshot_sym5_date28_am.csv,1999,1900,99,成功
snapshot_sym5_date28_pm.csv,1999,1900,99,成功
snapshot_sym5_date29_am.csv,1999,1900,99,成功
snapshot_sym5_date29_pm.csv,1999,1900,99,成功
snapshot_sym5_date2_am.csv,1999,1900,99,成功
snapshot_sym5_date30_am.csv,1999,1900,99,成功
snapshot_sym5_date30_pm.csv,1999,1900,99,成功
snapshot_sym5_date31_am.csv,1999,1900,99,成功
snapshot_sym5_date31_pm.csv,1999,1900,99,成功
snapshot_sym5_date32_am.csv,1999,1900,99,成功
snapshot_sym5_date32_pm.csv,1999,1900,99,成功
snapshot_sym5_date33_am.csv,1999,1900,99,成功
snapshot_sym5_date33_pm.csv,1999,1900,99,成功
snapshot_sym5_date34_am.csv,1999,1900,99,成功
snapshot_sym5_date34_pm.csv,1999,1900,99,成功
snapshot_sym5_date35_am.csv,1999,1900,99,成功
snapshot_sym5_date35_pm.csv,1999,1900,99,成功
snapshot_sym5_date36_am.csv,1999,1900,99,成功
snapshot_sym5_date36_pm.csv,1999,1900,99,成功
snapshot_sym5_date37_am.csv,1999,1900,99,成功
snapshot_sym5_date38_am.csv,1999,1900,99,成功
snapshot_sym5_date39_am.csv,1999,1900,99,成功
snapshot_sym5_date39_pm.csv,1999,1900,99,成功
snapshot_sym5_date3_am.csv,1999,1900,99,成功
snapshot_sym5_date3_pm.csv,1999,1900,99,成功
snapshot_sym5_date40_am.csv,1999,1900,99,成功
snapshot_sym5_date40_pm.csv,1999,1900,99,成功
snapshot_sym5_date41_am.csv,1999,1900,99,成功
snapshot_sym5_date41_pm.csv,1999,1900,99,成功
snapshot_sym5_date42_pm.csv,1999,1900,99,成功
snapshot_sym5_date43_am.csv,1999,1900,99,成功
snapshot_sym5_date43_pm.csv,1999,1900,99,成功
snapshot_sym5_date44_pm.csv,1999,1900,99,成功
snapshot_sym5_date45_am.csv,1999,1900,99,成功
snapshot_sym5_date45_pm.csv,1999,1900,99,成功
snapshot_sym5_date46_am.csv,1999,1900,99,成功
snapshot_sym5_date46_pm.csv,1999,1900,99,成功
snapshot_sym5_date47_am.csv,1999,1900,99,成功
snapshot_sym5_date47_pm.csv,1999,1900,99,成功
snapshot_sym5_date48_am.csv,1999,1900,99,成功
snapshot_sym5_date48_pm.csv,1999,1900,99,成功
snapshot_sym5_date49_am.csv,1999,1900,99,成功
snapshot_sym5_date49_pm.csv,1999,1900,99,成功
snapshot_sym5_date50_am.csv,1999,1900,99,成功
snapshot_sym5_date50_pm.csv,1999,1900,99,成功
snapshot_sym5_date51_am.csv,1999,1900,99,成功
snapshot_sym5_date51_pm.csv,1999,1900,99,成功
snapshot_sym5_date52_am.csv,1999,1900,99,成功
snapshot_sym5_date52_pm.csv,1999,1900,99,成功
snapshot_sym5_date53_am.csv,1999,1900,99,成功
snapshot_sym5_date53_pm.csv,1999,1900,99,成功
snapshot_sym5_date54_am.csv,1999,1900,99,成功
snapshot_sym5_date54_pm.csv,1999,1900,99,成功
snapshot_sym5_date55_am.csv,1999,1900,99,成功
snapshot_sym5_date55_pm.csv,1999,1900,99,成功
snapshot_sym5_date56_am.csv,1999,1900,99,成功
snapshot_sym5_date56_pm.csv,1999,1900,99,成功
snapshot_sym5_date57_am.csv,1999,1900,99,成功
snapshot_sym5_date57_pm.csv,1999,1900,99,成功
snapshot_sym5_date58_am.csv,1999,1900,99,成功
snapshot_sym5_date58_pm.csv,1999,1900,99,成功
snapshot_sym5_date59_am.csv,1999,1900,99,成功
snapshot_sym5_date59_pm.csv,1999,1900,99,成功
snapshot_sym5_date5_am.csv,1999,1900,99,成功
snapshot_sym5_date5_pm.csv,1999,1900,99,成功
snapshot_sym5_date60_am.csv,1999,1900,99,成功
snapshot_sym5_date60_pm.csv,1999,1900,99,成功
snapshot_sym5_date61_am.csv,1999,1900,99,成功
snapshot_sym5_date61_pm.csv,1999,1900,99,成功
snapshot_sym5_date62_am.csv,1999,1900,99,成功
snapshot_sym5_date62_pm.csv,1999,1900,99,成功
snapshot_sym5_date63_am.csv,1999,1900,99,成功
snapshot_sym5_date63_pm.csv,1999,1900,99,成功
snapshot_sym5_date64_am.csv,1999,1900,99,成功
snapshot_sym5_date64_pm.csv,1999,1900,99,成功
snapshot_sym5_date65_am.csv,1999,1900,99,成功
snapshot_sym5_date65_pm.csv,1999,1900,99,成功
snapshot_sym5_date67_am.csv,1999,1900,99,成功
snapshot_sym5_date68_am.csv,1999,1900,99,成功
snapshot_sym5_date68_pm.csv,1999,1900,99,成功
snapshot_sym5_date69_am.csv,1999,1900,99,成功
snapshot_sym5_date69_pm.csv,1999,1900,99,成功
snapshot_sym5_date6_am.csv,1999,1900,99,成功
snapshot_sym5_date70_am.csv,1999,1900,99,成功
snapshot_sym5_date70_pm.csv,1999,1900,99,成功
snapshot_sym5_date71_am.csv,1999,1900,99,成功
snapshot_sym5_date71_pm.csv,1999,1900,99,成功
snapshot_sym5_date72_am.csv,1999,1900,99,成功
snapshot_sym5_date72_pm.csv,1999,1900,99,成功
snapshot_sym5_date73_am.csv,1999,1900,99,成功
snapshot_sym5_date73_pm.csv,1999,1900,99,成功
snapshot_sym5_date74_am.csv,1999,1900,99,成功
snapshot_sym5_date74_pm.csv,1999,1900,99,成功
snapshot_sym5_date75_am.csv,1999,1900,99,成功
snapshot_sym5_date75_pm.csv,1999,1900,99,成功
snapshot_sym5_date76_am.csv,1999,1900,99,成功
snapshot_sym5_date76_pm.csv,1999,1900,99,成功
snapshot_sym5_date77_am.csv,1999,1900,99,成功
snapshot_sym5_date77_pm.csv,1999,1900,99,成功
snapshot_sym5_date78_am.csv,1999,1900,99,成功
snapshot_sym5_date7_pm.csv,1999,1900,99,成功
snapshot_sym5_date8_am.csv,1999,1900,99,成功
snapshot_sym5_date9_am.csv,1999,1900,99,成功
snapshot_sym6_date10_am.csv,1999,1900,99,成功
snapshot_sym6_date10_pm.csv,1999,1900,99,成功
snapshot_sym6_date11_am.csv,1999,1900,99,成功
snapshot_sym6_date11_pm.csv,1999,1900,99,成功
snapshot_sym6_date12_am.csv,1999,1900,99,成功
snapshot_sym6_date12_pm.csv,1999,1900,99,成功
snapshot_sym6_date13_am.csv,1999,1900,99,成功
snapshot_sym6_date13_pm.csv,1999,1900,99,成功
snapshot_sym6_date14_am.csv,1999,1900,99,成功
snapshot_sym6_date14_pm.csv,1999,1900,99,成功
snapshot_sym6_date15_am.csv,1999,1900,99,成功
snapshot_sym6_date15_pm.csv,1999,1900,99,成功
snapshot_sym6_date16_am.csv,1999,1900,99,成功
snapshot_sym6_date16_pm.csv,1999,1900,99,成功
snapshot_sym6_date17_am.csv,1999,1900,99,成功
snapshot_sym6_date17_pm.csv,1999,1900,99,成功
snapshot_sym6_date18_am.csv,1999,1900,99,成功
snapshot_sym6_date18_pm.csv,1999,1900,99,成功
snapshot_sym6_date19_am.csv,1999,1900,99,成功
snapshot_sym6_date19_pm.csv,1999,1900,99,成功
snapshot_sym6_date20_am.csv,1999,1900,99,成功
snapshot_sym6_date20_pm.csv,1999,1900,99,成功
snapshot_sym6_date21_am.csv,1999,1900,99,成功
snapshot_sym6_date21_pm.csv,1999,1900,99,成功
snapshot_sym6_date22_am.csv,1999,1900,99,成功
snapshot_sym6_date22_pm.csv,1999,1900,99,成功
snapshot_sym6_date23_am.csv,1999,1900,99,成功
snapshot_sym6_date23_pm.csv,1999,1900,99,成功
snapshot_sym6_date24_am.csv,1999,1900,99,成功
snapshot_sym6_date24_pm.csv,1999,1900,99,成功
snapshot_sym6_date25_am.csv,1999,1900,99,成功
snapshot_sym6_date25_pm.csv,1999,1900,99,成功
snapshot_sym6_date26_am.csv,1999,1900,99,成功
snapshot_sym6_date26_pm.csv,1999,1900,99,成功
snapshot_sym6_date27_am.csv,1999,1900,99,成功
snapshot_sym6_date27_pm.csv,1999,1900,99,成功
snapshot_sym6_date28_am.csv,1999,1900,99,成功
snapshot_sym6_date28_pm.csv,1999,1900,99,成功
snapshot_sym6_date29_am.csv,1999,1900,99,成功
snapshot_sym6_date29_pm.csv,1999,1900,99,成功
snapshot_sym6_date30_am.csv,1999,1900,99,成功
snapshot_sym6_date30_pm.csv,1999,1900,99,成功
snapshot_sym6_date31_am.csv,1999,1900,99,成功
snapshot_sym6_date31_pm.csv,1999,1900,99,成功
snapshot_sym6_date32_am.csv,1999,1900,99,成功
snapshot_sym6_date32_pm.csv,1999,1900,99,成功
snapshot_sym6_date33_am.csv,1999,1900,99,成功
snapshot_sym6_date33_pm.csv,1999,1900,99,成功
snapshot_sym6_date34_am.csv,1999,1900,99,成功
snapshot_sym6_date34_pm.csv,1999,1900,99,成功
snapshot_sym6_date35_am.csv,1999,1900,99,成功
snapshot_sym6_date35_pm.csv,1999,1900,99,成功
snapshot_sym6_date36_am.csv,1999,1900,99,成功
snapshot_sym6_date36_pm.csv,1999,1900,99,成功
snapshot_sym6_date37_am.csv,1999,1900,99,成功
snapshot_sym6_date37_pm.csv,1999,1900,99,成功
snapshot_sym6_date38_am.csv,1999,1900,99,成功
snapshot_sym6_date38_pm.csv,1999,1900,99,成功
snapshot_sym6_date39_am.csv,1999,1900,99,成功
snapshot_sym6_date39_pm.csv,1999,1900,99,成功
snapshot_sym6_date40_am.csv,1999,1900,99,成功
snapshot_sym6_date40_pm.csv,1999,1900,99,成功
snapshot_sym6_date41_am.csv,1999,1900,99,成功
snapshot_sym6_date41_pm.csv,1999,1900,99,成功
snapshot_sym6_date42_am.csv,1999,1900,99,成功
snapshot_sym6_date42_pm.csv,1999,1900,99,成功
snapshot_sym6_date43_am.csv,1999,1900,99,成功
snapshot_sym6_date43_pm.csv,1999,1900,99,成功
snapshot_sym6_date44_am.csv,1999,1900,99,成功
snapshot_sym6_date44_pm.csv,1999,1900,99,成功
snapshot_sym6_date45_am.csv,1999,1900,99,成功
snapshot_sym6_date45_pm.csv,1999,1900,99,成功
snapshot_sym6_date46_am.csv,1999,1900,99,成功
snapshot_sym6_date46_pm.csv,1999,1900,99,成功
snapshot_sym6_date47_am.csv,1999,1900,99,成功
snapshot_sym6_date47_pm.csv,1999,1900,99,成功
snapshot_sym6_date48_am.csv,1999,1900,99,成功
snapshot_sym6_date48_pm.csv,1999,1900,99,成功
snapshot_sym6_date49_am.csv,1999,1900,99,成功
snapshot_sym6_date49_pm.csv,1999,1900,99,成功
snapshot_sym6_date50_am.csv,1999,1900,99,成功
snapshot_sym6_date50_pm.csv,1999,1900,99,成功
snapshot_sym6_date51_am.csv,1999,1900,99,成功
snapshot_sym6_date51_pm.csv,1999,1900,99,成功
snapshot_sym6_date52_am.csv,1999,1900,99,成功
snapshot_sym6_date52_pm.csv,1999,1900,99,成功
snapshot_sym6_date53_am.csv,1999,1900,99,成功
snapshot_sym6_date53_pm.csv,1999,1900,99,成功
snapshot_sym6_date54_am.csv,1999,1900,99,成功
snapshot_sym6_date54_pm.csv,1999,1900,99,成功
snapshot_sym6_date55_am.csv,1999,1900,99,成功
snapshot_sym6_date55_pm.csv,1999,1900,99,成功
snapshot_sym6_date56_am.csv,1999,1900,99,成功
snapshot_sym6_date56_pm.csv,1999,1900,99,成功
snapshot_sym6_date57_am.csv,1999,1900,99,成功
snapshot_sym6_date57_pm.csv,1999,1900,99,成功
snapshot_sym6_date58_am.csv,1999,1900,99,成功
snapshot_sym6_date58_pm.csv,1999,1900,99,成功
snapshot_sym6_date59_am.csv,1999,1900,99,成功
snapshot_sym6_date59_pm.csv,1999,1900,99,成功
snapshot_sym6_date60_am.csv,1999,1900,99,成功
snapshot_sym6_date60_pm.csv,1999,1900,99,成功
snapshot_sym6_date61_am.csv,1999,1900,99,成功
snapshot_sym6_date61_pm.csv,1999,1900,99,成功
snapshot_sym6_date62_am.csv,1999,1900,99,成功
snapshot_sym6_date62_pm.csv,1999,1900,99,成功
snapshot_sym6_date63_am.csv,1999,1900,99,成功
snapshot_sym6_date63_pm.csv,1999,1900,99,成功
snapshot_sym6_date64_am.csv,1999,1900,99,成功
snapshot_sym6_date64_pm.csv,1999,1900,99,成功
snapshot_sym6_date65_am.csv,1999,1900,99,成功
snapshot_sym6_date65_pm.csv,1999,1900,99,成功
snapshot_sym6_date66_am.csv,1999,1900,99,成功
snapshot_sym6_date66_pm.csv,1999,1900,99,成功
snapshot_sym6_date67_am.csv,1999,1900,99,成功
snapshot_sym6_date67_pm.csv,1999,1900,99,成功
snapshot_sym6_date68_am.csv,1999,1900,99,成功
snapshot_sym6_date68_pm.csv,1999,1900,99,成功
snapshot_sym6_date69_am.csv,1999,1900,99,成功
snapshot_sym6_date69_pm.csv,1999,1900,99,成功
snapshot_sym6_date6_am.csv,1999,1900,99,成功
snapshot_sym6_date6_pm.csv,1999,1900,99,成功
snapshot_sym6_date70_am.csv,1999,1900,99,成功
snapshot_sym6_date70_pm.csv,1999,1900,99,成功
snapshot_sym6_date71_am.csv,1999,1900,99,成功
snapshot_sym6_date71_pm.csv,1999,1900,99,成功
snapshot_sym6_date72_am.csv,1999,1900,99,成功
snapshot_sym6_date72_pm.csv,1999,1900,99,成功
snapshot_sym6_date73_am.csv,1999,1900,99,成功
snapshot_sym6_date73_pm.csv,1999,1900,99,成功
snapshot_sym6_date74_am.csv,1999,1900,99,成功
snapshot_sym6_date74_pm.csv,1999,1900,99,成功
snapshot_sym6_date75_am.csv,1999,1900,99,成功
snapshot_sym6_date75_pm.csv,1999,1900,99,成功
snapshot_sym6_date76_am.csv,1999,1900,99,成功
snapshot_sym6_date76_pm.csv,1999,1900,99,成功
snapshot_sym6_date77_am.csv,1999,1900,99,成功
snapshot_sym6_date77_pm.csv,1999,1900,99,成功
snapshot_sym6_date78_am.csv,1999,1900,99,成功
snapshot_sym6_date78_pm.csv,1999,1900,99,成功
snapshot_sym6_date7_am.csv,1999,1900,99,成功
snapshot_sym6_date7_pm.csv,1999,1900,99,成功
snapshot_sym6_date8_am.csv,1999,1900,99,成功
snapshot_sym6_date8_pm.csv,1999,1900,99,成功
snapshot_sym6_date9_am.csv,1999,1900,99,成功
snapshot_sym6_date9_pm.csv,1999,1900,99,成功
snapshot_sym7_date0_am.csv,1999,1900,99,成功
snapshot_sym7_date0_pm.csv,1999,1900,99,成功
snapshot_sym7_date10_am.csv,1999,1900,99,成功
snapshot_sym7_date10_pm.csv,1999,1900,99,成功
snapshot_sym7_date11_am.csv,1999,1900,99,成功
snapshot_sym7_date11_pm.csv,1999,1900,99,成功
snapshot_sym7_date12_am.csv,1999,1900,99,成功
snapshot_sym7_date12_pm.csv,1999,1900,99,成功
snapshot_sym7_date13_am.csv,1999,1900,99,成功
snapshot_sym7_date13_pm.csv,1999,1900,99,成功
snapshot_sym7_date14_am.csv,1999,1900,99,成功
snapshot_sym7_date14_pm.csv,1999,1900,99,成功
snapshot_sym7_date15_am.csv,1999,1900,99,成功
snapshot_sym7_date15_pm.csv,1999,1900,99,成功
snapshot_sym7_date16_am.csv,1999,1900,99,成功
snapshot_sym7_date16_pm.csv,1999,1900,99,成功
snapshot_sym7_date17_am.csv,1999,1900,99,成功
snapshot_sym7_date17_pm.csv,1999,1900,99,成功
snapshot_sym7_date18_am.csv,1999,1900,99,成功
snapshot_sym7_date18_pm.csv,1999,1900,99,成功
snapshot_sym7_date19_am.csv,1999,1900,99,成功
snapshot_sym7_date19_pm.csv,1999,1900,99,成功
snapshot_sym7_date1_am.csv,1999,1900,99,成功
snapshot_sym7_date1_pm.csv,1999,1900,99,成功
snapshot_sym7_date20_am.csv,1999,1900,99,成功
snapshot_sym7_date20_pm.csv,1999,1900,99,成功
snapshot_sym7_date21_am.csv,1999,1900,99,成功
snapshot_sym7_date21_pm.csv,1999,1900,99,成功
snapshot_sym7_date22_am.csv,1999,1900,99,成功
snapshot_sym7_date22_pm.csv,1999,1900,99,成功
snapshot_sym7_date23_am.csv,1999,1900,99,成功
snapshot_sym7_date23_pm.csv,1999,1900,99,成功
snapshot_sym7_date24_am.csv,1999,1900,99,成功
snapshot_sym7_date24_pm.csv,1999,1900,99,成功
snapshot_sym7_date25_am.csv,1999,1900,99,成功
snapshot_sym7_date25_pm.csv,1999,1900,99,成功
snapshot_sym7_date26_am.csv,1999,1900,99,成功
snapshot_sym7_date26_pm.csv,1999,1900,99,成功
snapshot_sym7_date27_am.csv,1999,1900,99,成功
snapshot_sym7_date27_pm.csv,1999,1900,99,成功
snapshot_sym7_date28_am.csv,1999,1900,99,成功
snapshot_sym7_date28_pm.csv,1999,1900,99,成功
snapshot_sym7_date29_am.csv,1999,1900,99,成功
snapshot_sym7_date29_pm.csv,1999,1900,99,成功
snapshot_sym7_date2_am.csv,1999,1900,99,成功
snapshot_sym7_date2_pm.csv,1999,1900,99,成功
snapshot_sym7_date30_am.csv,1999,1900,99,成功
snapshot_sym7_date30_pm.csv,1999,1900,99,成功
snapshot_sym7_date31_am.csv,1999,1900,99,成功
snapshot_sym7_date31_pm.csv,1999,1900,99,成功
snapshot_sym7_date32_am.csv,1999,1900,99,成功
snapshot_sym7_date32_pm.csv,1999,1900,99,成功
snapshot_sym7_date33_am.csv,1999,1900,99,成功
snapshot_sym7_date33_pm.csv,1999,1900,99,成功
snapshot_sym7_date34_am.csv,1999,1900,99,成功
snapshot_sym7_date34_pm.csv,1999,1900,99,成功
snapshot_sym7_date35_am.csv,1999,1900,99,成功
snapshot_sym7_date35_pm.csv,1999,1900,99,成功
snapshot_sym7_date36_am.csv,1999,1900,99,成功
snapshot_sym7_date36_pm.csv,1999,1900,99,成功
snapshot_sym7_date37_am.csv,1999,1900,99,成功
snapshot_sym7_date37_pm.csv,1999,1900,99,成功
snapshot_sym7_date38_am.csv,1999,1900,99,成功
snapshot_sym7_date38_pm.csv,1999,1900,99,成功
snapshot_sym7_date39_am.csv,1999,1900,99,成功
snapshot_sym7_date39_pm.csv,1999,1900,99,成功
snapshot_sym7_date3_am.csv,1999,1900,99,成功
snapshot_sym7_date3_pm.csv,1999,1900,99,成功
snapshot_sym7_date40_am.csv,1999,1900,99,成功
snapshot_sym7_date40_pm.csv,1999,1900,99,成功
snapshot_sym7_date41_am.csv,1999,1900,99,成功
snapshot_sym7_date41_pm.csv,1999,1900,99,成功
snapshot_sym7_date42_am.csv,1999,1900,99,成功
snapshot_sym7_date42_pm.csv,1999,1900,99,成功
snapshot_sym7_date43_am.csv,1999,1900,99,成功
snapshot_sym7_date43_pm.csv,1999,1900,99,成功
snapshot_sym7_date44_am.csv,1999,1900,99,成功
snapshot_sym7_date44_pm.csv,1999,1900,99,成功
snapshot_sym7_date45_am.csv,1999,1900,99,成功
snapshot_sym7_date45_pm.csv,1999,1900,99,成功
snapshot_sym7_date46_am.csv,1999,1900,99,成功
snapshot_sym7_date46_pm.csv,1999,1900,99,成功
snapshot_sym7_date47_am.csv,1999,1900,99,成功
snapshot_sym7_date47_pm.csv,1999,1900,99,成功
snapshot_sym7_date48_am.csv,1999,1900,99,成功
snapshot_sym7_date48_pm.csv,1999,1900,99,成功
snapshot_sym7_date49_am.csv,1999,1900,99,成功
snapshot_sym7_date49_pm.csv,1999,1900,99,成功
snapshot_sym7_date4_am.csv,1999,1900,99,成功
snapshot_sym7_date4_pm.csv,1999,1900,99,成功
snapshot_sym7_date50_am.csv,1999,1900,99,成功
snapshot_sym7_date50_pm.csv,1999,1900,99,成功
snapshot_sym7_date51_am.csv,1999,1900,99,成功
snapshot_sym7_date51_pm.csv,1999,1900,99,成功
snapshot_sym7_date52_am.csv,1999,1900,99,成功
snapshot_sym7_date52_pm.csv,1999,1900,99,成功
snapshot_sym7_date53_am.csv,1999,1900,99,成功
snapshot_sym7_date53_pm.csv,1999,1900,99,成功
snapshot_sym7_date54_am.csv,1999,1900,99,成功
snapshot_sym7_date54_pm.csv,1999,1900,99,成功
snapshot_sym7_date55_am.csv,1999,1900,99,成功
snapshot_sym7_date55_pm.csv,1999,1900,99,成功
snapshot_sym7_date56_am.csv,1999,1900,99,成功
snapshot_sym7_date56_pm.csv,1999,1900,99,成功
snapshot_sym7_date57_am.csv,1999,1900,99,成功
snapshot_sym7_date57_pm.csv,1999,1900,99,成功
snapshot_sym7_date58_am.csv,1999,1900,99,成功
snapshot_sym7_date58_pm.csv,1999,1900,99,成功
snapshot_sym7_date59_am.csv,1999,1900,99,成功
snapshot_sym7_date59_pm.csv,1999,1900,99,成功
snapshot_sym7_date5_am.csv,1999,1900,99,成功
snapshot_sym7_date5_pm.csv,1999,1900,99,成功
snapshot_sym7_date60_am.csv,1999,1900,99,成功
snapshot_sym7_date60_pm.csv,1999,1900,99,成功
snapshot_sym7_date61_am.csv,1999,1900,99,成功
snapshot_sym7_date61_pm.csv,1999,1900,99,成功
snapshot_sym7_date62_am.csv,1999,1900,99,成功
snapshot_sym7_date62_pm.csv,1999,1900,99,成功
snapshot_sym7_date63_am.csv,1999,1900,99,成功
snapshot_sym7_date63_pm.csv,1999,1900,99,成功
snapshot_sym7_date64_am.csv,1999,1900,99,成功
snapshot_sym7_date64_pm.csv,1999,1900,99,成功
snapshot_sym7_date65_am.csv,1999,1900,99,成功
snapshot_sym7_date65_pm.csv,1999,1900,99,成功
snapshot_sym7_date66_am.csv,1999,1900,99,成功
snapshot_sym7_date66_pm.csv,1999,1900,99,成功
snapshot_sym7_date67_am.csv,1999,1900,99,成功
snapshot_sym7_date67_pm.csv,1999,1900,99,成功
snapshot_sym7_date68_am.csv,1999,1900,99,成功
snapshot_sym7_date68_pm.csv,1999,1900,99,成功
snapshot_sym7_date69_am.csv,1999,1900,99,成功
snapshot_sym7_date69_pm.csv,1999,1900,99,成功
snapshot_sym7_date6_am.csv,1999,1900,99,成功
snapshot_sym7_date6_pm.csv,1999,1900,99,成功
snapshot_sym7_date70_am.csv,1999,1900,99,成功
snapshot_sym7_date70_pm.csv,1999,1900,99,成功
snapshot_sym7_date71_am.csv,1999,1900,99,成功
snapshot_sym7_date71_pm.csv,1999,1900,99,成功
snapshot_sym7_date72_am.csv,1999,1900,99,成功
snapshot_sym7_date72_pm.csv,1999,1900,99,成功
snapshot_sym7_date73_am.csv,1999,1900,99,成功
snapshot_sym7_date73_pm.csv,1999,1900,99,成功
snapshot_sym7_date74_am.csv,1999,1900,99,成功
snapshot_sym7_date74_pm.csv,1999,1900,99,成功
snapshot_sym7_date75_am.csv,1999,1900,99,成功
snapshot_sym7_date75_pm.csv,1999,1900,99,成功
snapshot_sym7_date76_am.csv,1999,1900,99,成功
snapshot_sym7_date76_pm.csv,1999,1900,99,成功
snapshot_sym7_date77_am.csv,1999,1900,99,成功
snapshot_sym7_date77_pm.csv,1999,1900,99,成功
snapshot_sym7_date78_am.csv,1999,1900,99,成功
snapshot_sym7_date78_pm.csv,1999,1900,99,成功
snapshot_sym7_date7_am.csv,1999,1900,99,成功
snapshot_sym7_date7_pm.csv,1999,1900,99,成功
snapshot_sym7_date8_am.csv,1999,1900,99,成功
snapshot_sym7_date8_pm.csv,1999,1900,99,成功
snapshot_sym7_date9_am.csv,1999,1900,99,成功
snapshot_sym7_date9_pm.csv,1999,1900,99,成功
snapshot_sym8_date0_am.csv,1999,1900,99,成功
snapshot_sym8_date0_pm.csv,1999,1900,99,成功
snapshot_sym8_date10_am.csv,1999,1900,99,成功
snapshot_sym8_date11_am.csv,1999,1900,99,成功
snapshot_sym8_date12_am.csv,1999,1900,99,成功
snapshot_sym8_date12_pm.csv,1999,1900,99,成功
snapshot_sym8_date13_am.csv,1999,1900,99,成功
snapshot_sym8_date13_pm.csv,1999,1900,99,成功
snapshot_sym8_date14_am.csv,1999,1900,99,成功
snapshot_sym8_date14_pm.csv,1999,1900,99,成功
snapshot_sym8_date15_am.csv,1999,1900,99,成功
snapshot_sym8_date15_pm.csv,1999,1900,99,成功
snapshot_sym8_date16_am.csv,1999,1900,99,成功
snapshot_sym8_date16_pm.csv,1999,1900,99,成功
snapshot_sym8_date17_am.csv,1999,1900,99,成功
snapshot_sym8_date17_pm.csv,1999,1900,99,成功
snapshot_sym8_date18_am.csv,1999,1900,99,成功
snapshot_sym8_date18_pm.csv,1999,1900,99,成功
snapshot_sym8_date19_am.csv,1999,1900,99,成功
snapshot_sym8_date19_pm.csv,1999,1900,99,成功
snapshot_sym8_date1_am.csv,1999,1900,99,成功
snapshot_sym8_date1_pm.csv,1999,1900,99,成功
snapshot_sym8_date20_am.csv,1999,1900,99,成功
snapshot_sym8_date20_pm.csv,1999,1900,99,成功
snapshot_sym8_date21_am.csv,1999,1900,99,成功
snapshot_sym8_date21_pm.csv,1999,1900,99,成功
snapshot_sym8_date22_am.csv,1999,1900,99,成功
snapshot_sym8_date22_pm.csv,1999,1900,99,成功
snapshot_sym8_date23_am.csv,1999,1900,99,成功
snapshot_sym8_date23_pm.csv,1999,1900,99,成功
snapshot_sym8_date24_am.csv,1999,1900,99,成功
snapshot_sym8_date24_pm.csv,1999,1900,99,成功
snapshot_sym8_date25_am.csv,1999,1900,99,成功
snapshot_sym8_date25_pm.csv,1999,1900,99,成功
snapshot_sym8_date26_am.csv,1999,1900,99,成功
snapshot_sym8_date26_pm.csv,1999,1900,99,成功
snapshot_sym8_date27_am.csv,1999,1900,99,成功
snapshot_sym8_date27_pm.csv,1999,1900,99,成功
snapshot_sym8_date28_am.csv,1999,1900,99,成功
snapshot_sym8_date28_pm.csv,1999,1900,99,成功
snapshot_sym8_date29_am.csv,1999,1900,99,成功
snapshot_sym8_date29_pm.csv,1999,1900,99,成功
snapshot_sym8_date2_am.csv,1999,1900,99,成功
snapshot_sym8_date2_pm.csv,1999,1900,99,成功
snapshot_sym8_date30_am.csv,1999,1900,99,成功
snapshot_sym8_date30_pm.csv,1999,1900,99,成功
snapshot_sym8_date31_am.csv,1999,1900,99,成功
snapshot_sym8_date31_pm.csv,1999,1900,99,成功
snapshot_sym8_date32_am.csv,1999,1900,99,成功
snapshot_sym8_date32_pm.csv,1999,1900,99,成功
snapshot_sym8_date33_am.csv,1999,1900,99,成功
snapshot_sym8_date33_pm.csv,1999,1900,99,成功
snapshot_sym8_date34_am.csv,1999,1900,99,成功
snapshot_sym8_date34_pm.csv,1999,1900,99,成功
snapshot_sym8_date35_am.csv,1999,1900,99,成功
snapshot_sym8_date35_pm.csv,1999,1900,99,成功
snapshot_sym8_date36_am.csv,1999,1900,99,成功
snapshot_sym8_date36_pm.csv,1999,1900,99,成功
snapshot_sym8_date37_am.csv,1999,1900,99,成功
snapshot_sym8_date37_pm.csv,1999,1900,99,成功
snapshot_sym8_date38_am.csv,1999,1900,99,成功
snapshot_sym8_date38_pm.csv,1999,1900,99,成功
snapshot_sym8_date39_am.csv,1999,1900,99,成功
snapshot_sym8_date39_pm.csv,1999,1900,99,成功
snapshot_sym8_date3_am.csv,1999,1900,99,成功
snapshot_sym8_date3_pm.csv,1999,1900,99,成功
snapshot_sym8_date40_am.csv,1999,1900,99,成功
snapshot_sym8_date40_pm.csv,1999,1900,99,成功
snapshot_sym8_date41_am.csv,1999,1900,99,成功
snapshot_sym8_date41_pm.csv,1999,1900,99,成功
snapshot_sym8_date42_am.csv,1999,1900,99,成功
snapshot_sym8_date42_pm.csv,1999,1900,99,成功
snapshot_sym8_date43_am.csv,1999,1900,99,成功
snapshot_sym8_date43_pm.csv,1999,1900,99,成功
snapshot_sym8_date44_am.csv,1999,1900,99,成功
snapshot_sym8_date44_pm.csv,1999,1900,99,成功
snapshot_sym8_date45_am.csv,1999,1900,99,成功
snapshot_sym8_date45_pm.csv,1999,1900,99,成功
snapshot_sym8_date46_am.csv,1999,1900,99,成功
snapshot_sym8_date46_pm.csv,1999,1900,99,成功
snapshot_sym8_date47_am.csv,1999,1900,99,成功
snapshot_sym8_date47_pm.csv,1999,1900,99,成功
snapshot_sym8_date48_am.csv,1999,1900,99,成功
snapshot_sym8_date48_pm.csv,1999,1900,99,成功
snapshot_sym8_date49_am.csv,1999,1900,99,成功
snapshot_sym8_date49_pm.csv,1999,1900,99,成功
snapshot_sym8_date4_am.csv,1999,1900,99,成功
snapshot_sym8_date4_pm.csv,1999,1900,99,成功
snapshot_sym8_date50_am.csv,1999,1900,99,成功
snapshot_sym8_date50_pm.csv,1999,1900,99,成功
snapshot_sym8_date51_am.csv,1999,1900,99,成功
snapshot_sym8_date51_pm.csv,1999,1900,99,成功
snapshot_sym8_date52_am.csv,1999,1900,99,成功
snapshot_sym8_date52_pm.csv,1999,1900,99,成功
snapshot_sym8_date53_am.csv,1999,1900,99,成功
snapshot_sym8_date53_pm.csv,1999,1900,99,成功
snapshot_sym8_date54_am.csv,1999,1900,99,成功
snapshot_sym8_date54_pm.csv,1999,1900,99,成功
snapshot_sym8_date55_am.csv,1999,1900,99,成功
snapshot_sym8_date55_pm.csv,1999,1900,99,成功
snapshot_sym8_date56_am.csv,1999,1900,99,成功
snapshot_sym8_date56_pm.csv,1999,1900,99,成功
snapshot_sym8_date57_am.csv,1999,1900,99,成功
snapshot_sym8_date57_pm.csv,1999,1900,99,成功
snapshot_sym8_date58_am.csv,1999,1900,99,成功
snapshot_sym8_date58_pm.csv,1999,1900,99,成功
snapshot_sym8_date59_am.csv,1999,1900,99,成功
snapshot_sym8_date59_pm.csv,1999,1900,99,成功
snapshot_sym8_date5_am.csv,1999,1900,99,成功
snapshot_sym8_date5_pm.csv,1999,1900,99,成功
snapshot_sym8_date60_am.csv,1999,1900,99,成功
snapshot_sym8_date60_pm.csv,1999,1900,99,成功
snapshot_sym8_date61_am.csv,1999,1900,99,成功
snapshot_sym8_date61_pm.csv,1999,1900,99,成功
snapshot_sym8_date62_am.csv,1999,1900,99,成功
snapshot_sym8_date62_pm.csv,1999,1900,99,成功
snapshot_sym8_date63_am.csv,1999,1900,99,成功
snapshot_sym8_date63_pm.csv,1999,1900,99,成功
snapshot_sym8_date64_am.csv,1999,1900,99,成功
snapshot_sym8_date64_pm.csv,1999,1900,99,成功
snapshot_sym8_date65_am.csv,1999,1900,99,成功
snapshot_sym8_date65_pm.csv,1999,1900,99,成功
snapshot_sym8_date66_am.csv,1999,1900,99,成功
snapshot_sym8_date66_pm.csv,1999,1900,99,成功
snapshot_sym8_date67_am.csv,1999,1900,99,成功
snapshot_sym8_date67_pm.csv,1999,1900,99,成功
snapshot_sym8_date68_am.csv,1999,1900,99,成功
snapshot_sym8_date68_pm.csv,1999,1900,99,成功
snapshot_sym8_date69_am.csv,1999,1900,99,成功
snapshot_sym8_date69_pm.csv,1999,1900,99,成功
snapshot_sym8_date6_am.csv,1999,1900,99,成功
snapshot_sym8_date6_pm.csv,1999,1900,99,成功
snapshot_sym8_date70_am.csv,1999,1900,99,成功
snapshot_sym8_date70_pm.csv,1999,1900,99,成功
snapshot_sym8_date71_am.csv,1999,1900,99,成功
snapshot_sym8_date71_pm.csv,1999,1900,99,成功
snapshot_sym8_date72_am.csv,1999,1900,99,成功
snapshot_sym8_date72_pm.csv,1999,1900,99,成功
snapshot_sym8_date73_am.csv,1999,1900,99,成功
snapshot_sym8_date73_pm.csv,1999,1900,99,成功
snapshot_sym8_date74_am.csv,1999,1900,99,成功
snapshot_sym8_date74_pm.csv,1999,1900,99,成功
snapshot_sym8_date75_am.csv,1999,1900,99,成功
snapshot_sym8_date75_pm.csv,1999,1900,99,成功
snapshot_sym8_date76_am.csv,1999,1900,99,成功
snapshot_sym8_date76_pm.csv,1999,1900,99,成功
snapshot_sym8_date77_am.csv,1999,1900,99,成功
snapshot_sym8_date77_pm.csv,1999,1900,99,成功
snapshot_sym8_date78_am.csv,1999,1900,99,成功
snapshot_sym8_date78_pm.csv,1999,1900,99,成功
snapshot_sym8_date7_am.csv,1999,1900,99,成功
snapshot_sym8_date7_pm.csv,1999,1900,99,成功
snapshot_sym8_date8_am.csv,1999,1900,99,成功
snapshot_sym8_date8_pm.csv,1999,1900,99,成功
snapshot_sym8_date9_am.csv,1999,1900,99,成功
snapshot_sym8_date9_pm.csv,1999,1900,99,成功
snapshot_sym9_date0_am.csv,1999,1900,99,成功
snapshot_sym9_date0_pm.csv,1999,1900,99,成功
snapshot_sym9_date10_am.csv,1999,1900,99,成功
snapshot_sym9_date10_pm.csv,1999,1900,99,成功
snapshot_sym9_date11_am.csv,1999,1900,99,成功
snapshot_sym9_date11_pm.csv,1999,1900,99,成功
snapshot_sym9_date12_am.csv,1999,1900,99,成功
snapshot_sym9_date12_pm.csv,1999,1900,99,成功
snapshot_sym9_date13_am.csv,1999,1900,99,成功
snapshot_sym9_date13_pm.csv,1999,1900,99,成功
snapshot_sym9_date14_am.csv,1999,1900,99,成功
snapshot_sym9_date14_pm.csv,1999,1900,99,成功
snapshot_sym9_date15_am.csv,1999,1900,99,成功
snapshot_sym9_date15_pm.csv,1999,1900,99,成功
snapshot_sym9_date16_am.csv,1999,1900,99,成功
snapshot_sym9_date16_pm.csv,1999,1900,99,成功
snapshot_sym9_date17_am.csv,1999,1900,99,成功
snapshot_sym9_date17_pm.csv,1999,1900,99,成功
snapshot_sym9_date18_am.csv,1999,1900,99,成功
snapshot_sym9_date18_pm.csv,1999,1900,99,成功
snapshot_sym9_date19_am.csv,1999,1900,99,成功
snapshot_sym9_date19_pm.csv,1999,1900,99,成功
snapshot_sym9_date1_am.csv,1999,1900,99,成功
snapshot_sym9_date1_pm.csv,1999,1900,99,成功
snapshot_sym9_date20_am.csv,1999,1900,99,成功
snapshot_sym9_date20_pm.csv,1999,1900,99,成功
snapshot_sym9_date21_am.csv,1999,1900,99,成功
snapshot_sym9_date21_pm.csv,1999,1900,99,成功
snapshot_sym9_date22_am.csv,1999,1900,99,成功
snapshot_sym9_date22_pm.csv,1999,1900,99,成功
snapshot_sym9_date23_am.csv,1999,1900,99,成功
snapshot_sym9_date23_pm.csv,1999,1900,99,成功
snapshot_sym9_date24_am.csv,1999,1900,99,成功
snapshot_sym9_date24_pm.csv,1999,1900,99,成功
snapshot_sym9_date25_am.csv,1999,1900,99,成功
snapshot_sym9_date25_pm.csv,1999,1900,99,成功
snapshot_sym9_date26_am.csv,1999,1900,99,成功
snapshot_sym9_date26_pm.csv,1999,1900,99,成功
snapshot_sym9_date27_am.csv,1999,1900,99,成功
snapshot_sym9_date27_pm.csv,1999,1900,99,成功
snapshot_sym9_date28_am.csv,1999,1900,99,成功
snapshot_sym9_date28_pm.csv,1999,1900,99,成功
snapshot_sym9_date29_am.csv,1999,1900,99,成功
snapshot_sym9_date29_pm.csv,1999,1900,99,成功
snapshot_sym9_date2_am.csv,1999,1900,99,成功
snapshot_sym9_date2_pm.csv,1999,1900,99,成功
snapshot_sym9_date30_am.csv,1999,1900,99,成功
snapshot_sym9_date30_pm.csv,1999,1900,99,成功
snapshot_sym9_date31_am.csv,1999,1900,99,成功
snapshot_sym9_date31_pm.csv,1999,1900,99,成功
snapshot_sym9_date32_am.csv,1999,1900,99,成功
snapshot_sym9_date32_pm.csv,1999,1900,99,成功
snapshot_sym9_date33_am.csv,1999,1900,99,成功
snapshot_sym9_date33_pm.csv,1999,1900,99,成功
snapshot_sym9_date34_am.csv,1999,1900,99,成功
snapshot_sym9_date34_pm.csv,1999,1900,99,成功
snapshot_sym9_date35_am.csv,1999,1900,99,成功
snapshot_sym9_date35_pm.csv,1999,1900,99,成功
snapshot_sym9_date36_am.csv,1999,1900,99,成功
snapshot_sym9_date36_pm.csv,1999,1900,99,成功
snapshot_sym9_date37_am.csv,1999,1900,99,成功
snapshot_sym9_date37_pm.csv,1999,1900,99,成功
snapshot_sym9_date38_am.csv,1999,1900,99,成功
snapshot_sym9_date38_pm.csv,1999,1900,99,成功
snapshot_sym9_date39_am.csv,1999,1900,99,成功
snapshot_sym9_date39_pm.csv,1999,1900,99,成功
snapshot_sym9_date3_am.csv,1999,1900,99,成功
snapshot_sym9_date3_pm.csv,1999,1900,99,成功
snapshot_sym9_date40_am.csv,1999,1900,99,成功
snapshot_sym9_date40_pm.csv,1999,1900,99,成功
snapshot_sym9_date41_am.csv,1999,1900,99,成功
snapshot_sym9_date41_pm.csv,1999,1900,99,成功
snapshot_sym9_date42_am.csv,1999,1900,99,成功
snapshot_sym9_date42_pm.csv,1999,1900,99,成功
snapshot_sym9_date43_am.csv,1999,1900,99,成功
snapshot_sym9_date43_pm.csv,1999,1900,99,成功
snapshot_sym9_date44_am.csv,1999,1900,99,成功
snapshot_sym9_date44_pm.csv,1999,1900,99,成功
snapshot_sym9_date45_am.csv,1999,1900,99,成功
snapshot_sym9_date45_pm.csv,1999,1900,99,成功
snapshot_sym9_date46_am.csv,1999,1900,99,成功
snapshot_sym9_date46_pm.csv,1999,1900,99,成功
snapshot_sym9_date47_am.csv,1999,1900,99,成功
snapshot_sym9_date47_pm.csv,1999,1900,99,成功
snapshot_sym9_date48_am.csv,1999,1900,99,成功
snapshot_sym9_date48_pm.csv,1999,1900,99,成功
snapshot_sym9_date49_am.csv,1999,1900,99,成功
snapshot_sym9_date49_pm.csv,1999,1900,99,成功
snapshot_sym9_date4_am.csv,1999,1900,99,成功
snapshot_sym9_date4_pm.csv,1999,1900,99,成功
snapshot_sym9_date50_am.csv,1999,1900,99,成功
snapshot_sym9_date50_pm.csv,1999,1900,99,成功
snapshot_sym9_date51_am.csv,1999,1900,99,成功
snapshot_sym9_date51_pm.csv,1999,1900,99,成功
snapshot_sym9_date52_am.csv,1999,1900,99,成功
snapshot_sym9_date52_pm.csv,1999,1900,99,成功
snapshot_sym9_date53_am.csv,1999,1900,99,成功
snapshot_sym9_date53_pm.csv,1999,1900,99,成功
snapshot_sym9_date54_am.csv,1999,1900,99,成功
snapshot_sym9_date54_pm.csv,1999,1900,99,成功
snapshot_sym9_date55_am.csv,1999,1900,99,成功
snapshot_sym9_date55_pm.csv,1999,1900,99,成功
snapshot_sym9_date56_am.csv,1999,1900,99,成功
snapshot_sym9_date56_pm.csv,1999,1900,99,成功
snapshot_sym9_date57_am.csv,1999,1900,99,成功
snapshot_sym9_date57_pm.csv,1999,1900,99,成功
snapshot_sym9_date58_am.csv,1999,1900,99,成功
snapshot_sym9_date58_pm.csv,1999,1900,99,成功
snapshot_sym9_date59_am.csv,1999,1900,99,成功
snapshot_sym9_date59_pm.csv,1999,1900,99,成功
snapshot_sym9_date5_am.csv,1999,1900,99,成功
snapshot_sym9_date5_pm.csv,1999,1900,99,成功
snapshot_sym9_date60_am.csv,1999,1900,99,成功
snapshot_sym9_date60_pm.csv,1999,1900,99,成功
snapshot_sym9_date61_am.csv,1999,1900,99,成功
snapshot_sym9_date61_pm.csv,1999,1900,99,成功
snapshot_sym9_date62_am.csv,1999,1900,99,成功
snapshot_sym9_date62_pm.csv,1999,1900,99,成功
snapshot_sym9_date63_am.csv,1999,1900,99,成功
snapshot_sym9_date63_pm.csv,1999,1900,99,成功
snapshot_sym9_date64_am.csv,1999,1900,99,成功
snapshot_sym9_date64_pm.csv,1999,1900,99,成功
snapshot_sym9_date65_am.csv,1999,1900,99,成功
snapshot_sym9_date65_pm.csv,1999,1900,99,成功
snapshot_sym9_date66_am.csv,1999,1900,99,成功
snapshot_sym9_date66_pm.csv,1999,1900,99,成功
snapshot_sym9_date67_am.csv,1999,1900,99,成功
snapshot_sym9_date67_pm.csv,1999,1900,99,成功
snapshot_sym9_date68_am.csv,1999,1900,99,成功
snapshot_sym9_date68_pm.csv,1999,1900,99,成功
snapshot_sym9_date69_am.csv,1999,1900,99,成功
snapshot_sym9_date69_pm.csv,1999,1900,99,成功
snapshot_sym9_date6_am.csv,1999,1900,99,成功
snapshot_sym9_date6_pm.csv,1999,1900,99,成功
snapshot_sym9_date70_am.csv,1999,1900,99,成功
snapshot_sym9_date70_pm.csv,1999,1900,99,成功
snapshot_sym9_date71_am.csv,1999,1900,99,成功
snapshot_sym9_date71_pm.csv,1999,1900,99,成功
snapshot_sym9_date72_am.csv,1999,1900,99,成功
snapshot_sym9_date72_pm.csv,1999,1900,99,成功
snapshot_sym9_date73_am.csv,1999,1900,99,成功
snapshot_sym9_date73_pm.csv,1999,1900,99,成功
snapshot_sym9_date74_am.csv,1999,1900,99,成功
snapshot_sym9_date74_pm.csv,1999,1900,99,成功
snapshot_sym9_date75_am.csv,1999,1900,99,成功
snapshot_sym9_date75_pm.csv,1999,1900,99,成功
snapshot_sym9_date76_am.csv,1999,1900,99,成功
snapshot_sym9_date76_pm.csv,1999,1900,99,成功
snapshot_sym9_date77_am.csv,1999,1900,99,成功
snapshot_sym9_date77_pm.csv,1999,1900,99,成功
snapshot_sym9_date78_am.csv,1999,1900,99,成功
snapshot_sym9_date78_pm.csv,1999,1900,99,成功
snapshot_sym9_date7_am.csv,1999,1900,99,成功
snapshot_sym9_date7_pm.csv,1999,1900,99,成功
snapshot_sym9_date8_am.csv,1999,1900,99,成功
snapshot_sym9_date8_pm.csv,1999,1900,99,成功
snapshot_sym9_date9_am.csv,1999,1900,99,成功
snapshot_sym9_date9_pm.csv,1999,1900,99,成功
